Workbook

Sheet Raw Values_Con
A1: Bottom Collumella | G1: Bottom | M1: Bottom | R1: Bottom | W1: Bottom | X1: 1607 | AB1: Bottom | AC1: 1608 | AG1: Bottom | AH1: 1609 | AL1: Bottom | AM1: 1610 | AQ1: Bottom | AR1: 1611 | AV1: Bottom | AW1: 1613 | BA1: Bottom | BB1: 1614 | BF1: Bottom | BG1: 1615 | BK1: Bottom | BL1: 1616 | BP1: Bottom | BQ1: 1617 | BU1: Bottom | BV1: 1618 | BZ1: Bottom | CA1: 1619 | CE1: Bottom | CF1: 1620 | CJ1: Bottom | CK1: 1621 | CO1: Bottom | CP1: 1622 | CT1: Bottom | CU1: 1623 | CY1: Bottom | CZ1: 1624 | DD1: Bottom | DE1: 1625 | DI1: Bottom | DJ1: 1626 | DN1: Bottom | DO1: 1627 | DS1: Bottom | DT1: 1628
A2: Image_ID | B2: Pixels | C2: R | E2: L | G2: Image_ID | H2: Pixels | I2: R | K2: L | M2: 1605 | R2: Pixels | S2: R | U2: L | W2: Pixels | X2: R | Z2: L | AB2: Pixels | AC2: R | AE2: L | AG2: Pixels | AH2: R | AJ2: L | AL2: Pixels | AM2: R | AO2: L | AQ2: Pixels | AR2: R | AT2: L | AV2: Pixels | AW2: R | AY2: L | BA2: Pixels | BB2: R | BD2: L | BF2: Pixels | BG2: R | BI2: L | BK2: Pixels | BL2: R | BN2: L | BP2: Pixels | BQ2: R | BS2: L | BU2: Pixels | BV2: R | BX2: L | BZ2: Pixels | CA2: R | CC2: L | CE2: Pixels | CF2: R | CH2: L | CJ2: Pixels | CK2: R | CM2: L | CO2: Pixels | CP2: R | CR2: L | CT2: Pixels | CU2: R | CW2: L | CY2: Pixels | CZ2: R | DB2: L | DD2: Pixels | DE2: R | DG2: L | DI2: Pixels | DJ2: R | DL2: L | DN2: Pixels | DO2: R | DQ2: L | DS2: Pixels | DT2: R | DV2: L
A3: 1603 | B3: 0 | C3: 57.7812 | D3: 29 | E3: 107.0312 | G3: 1604 | H3: 0 | I3: 32.75 | J3: C | K3: 91.1875 | M3: Pixels | N3: R | P3: L | R3: 1606 | W3: 0 | X3: 17.2083 | Y3: 44 | Z3: 58.7083 | AB3: 0 | AC3: 29 | AD3: 54 | AE3: 98.2174 | AG3: 0 | AH3: 25.4737 | AI3: 48 | AJ3: 103.9474 | AL3: 0 | AM3: 26.9412 | AN3: 36 | AO3: 75.8824 | AQ3: 0 | AR3: 18.5 | AS3: 42 | AT3: 117.2 | AV3: 0 | AW3: 28.7333 | AX3: 30 | AY3: 104.4667 | BA3: 0 | BB3: 26.8 | BC3: 45 | BD3: 107.75 | BF3: 0 | BG3: 29.3889 | BH3: 34 | BI3: 88.1111 | BK3: 0 | BL3: 29.3333 | BM3: 46 | BN3: 105.6 | BP3: 0 | BQ3: 24.7391 | BR3: 57 | BS3: 98.4348 | BU3: 0 | BV3: 26.4545 | BW3: 46 | BX3: 104.0909 | BZ3: 0 | CA3: 31.0526 | CB3: 46 | CC3: 117.1053 | CE3: 0 | CF3: 30.5714 | CG3: 43 | CH3: 101.9048 | CJ3: 0 | CK3: 9.4211 | CL3: 55 | CM3: 63 | CO3: 0 | CP3: 18.1579 | CQ3: 52 | CR3: 95.5263 | CT3: 0 | CU3: 8 | CV3: 42 | CW3: 78.9375 | CY3: 0 | CZ3: 15.3333 | DA3: 37 | DB3: 88.8 | DD3: 0 | DE3: 27.1333 | DF3: 39 | DG3: 74.7333 | DI3: 0 | DJ3: 33 | DK3: 35 | DL3: 101.6667 | DN3: 0 | DO3: 19.3125 | DP3: 46 | DQ3: 107.25 | DS3: 0 | DT3: 21.5789 | DU3: 49 | DV3: 76.7895
B4: 1 | C4: 61.0417 | D4: 30 | E4: 107.6354 | H4: 1 | I4: 33.5 | J4: 36 | K4: 91.75 | M4: 0 | N4: 23.85 | O4: 43 | P4: 97.7 | R4: 0 | S4: 29.8947 | T4: 42 | U4: 106.4737 | W4: 1 | X4: 17.75 | Y4: 45 | Z4: 55.5833 | AB4: 1 | AC4: 29.3043 | AD4: 55 | AE4: 98.3913 | AG4: 1 | AH4: 27.3158 | AI4: 49 | AJ4: 104.6316 | AL4: 1 | AM4: 28.4118 | AN4: 37 | AO4: 76.2353 | AQ4: 1 | AR4: 19 | AS4: 43 | AT4: 117.7 | AV4: 1 | AW4: 31.7333 | AX4: 31 | AY4: 102.8667 | BA4: 1 | BB4: 29.75 | BC4: 46 | BD4: 109.55 | BF4: 1 | BG4: 29.6111 | BH4: 35 | BI4: 88.8333 | BK4: 1 | BL4: 30.5333 | BM4: 47 | BN4: 105 | BP4: 1 | BQ4: 25.8261 | BR4: 58 | BS4: 99.5217 | BU4: 1 | BV4: 28 | BW4: 47 | BX4: 103.6818 | BZ4: 1 | CA4: 32.1579 | CB4: 47 | CC4: 115.5789 | CE4: 1 | CF4: 31.619 | CG4: 44 | CH4: 102.381 | CJ4: 1 | CK4: 9.7368 | CL4: 56 | CM4: 62.5789 | CO4: 1 | CP4: 18.7368 | CQ4: 53 | CR4: 94.2632 | CT4: 1 | CU4: 8.625 | CV4: 43 | CW4: 79.625 | CY4: 1 | CZ4: 17.2667 | DA4: 38 | DB4: 95.9333 | DD4: 1 | DE4: 27.2667 | DF4: 40 | DG4: 75.3333 | DI4: 1 | DJ4: 34.3333 | DK4: 36 | DL4: 102.0833 | DN4: 1 | DO4: 24.125 | DP4: 47 | DQ4: 106.1875 | DS4: 1 | DT4: 22.3158 | DU4: 50 | DV4: 76.5789
B5: 2 | C5: 63.9271 | D5: 31 | E5: 108.1146 | H5: 2 | I5: 34.375 | J5: 37 | K5: 94 | M5: 1 | N5: 25.2 | O5: 44 | P5: 95.9 | R5: 1 | S5: 32.4737 | T5: 43 | U5: 104.7895 | W5: 2 | X5: 18.375 | Y5: 46 | Z5: 52.5833 | AB5: 2 | AC5: 30.2174 | AD5: 56 | AE5: 98.087 | AG5: 2 | AH5: 30.5789 | AI5: 50 | AJ5: 104.9474 | AL5: 2 | AM5: 29.2353 | AN5: 38 | AO5: 76.5294 | AQ5: 2 | AR5: 19.85 | AS5: 44 | AT5: 116.45 | AV5: 2 | AW5: 35.3333 | AX5: 32 | AY5: 100.5333 | BA5: 2 | BB5: 34.7 | BC5: 47 | BD5: 110.1 | BF5: 2 | BG5: 30 | BH5: 36 | BI5: 88 | BK5: 2 | BL5: 33 | BM5: 48 | BN5: 104.3333 | BP5: 2 | BQ5: 27.0435 | BR5: 59 | BS5: 99.6522 | BU5: 2 | BV5: 30 | BW5: 48 | BX5: 103.8636 | BZ5: 2 | CA5: 32.9474 | CB5: 48 | CC5: 113.3684 | CE5: 2 | CF5: 32.8571 | CG5: 45 | CH5: 103.0476 | CJ5: 2 | CK5: 10.2632 | CL5: 57 | CM5: 61.6842 | CO5: 2 | CP5: 20.1053 | CQ5: 54 | CR5: 93.2632 | CT5: 2 | CU5: 9.75 | CV5: 44 | CW5: 78.8125 | CY5: 2 | CZ5: 20.2667 | DA5: 39 | DB5: 98.6667 | DD5: 2 | DE5: 27.6 | DF5: 41 | DG5: 75.6667 | DI5: 2 | DJ5: 36.3333 | DK5: 37 | DL5: 101.5 | DN5: 2 | DO5: 31.4375 | DP5: 48 | DQ5: 104.4375 | DS5: 2 | DT5: 22.7895 | DU5: 51 | DV5: 75.6316
B6: 3 | C6: 66.7083 | D6: 32 | E6: 107.1979 | H6: 3 | I6: 35.75 | J6: 38 | K6: 96.5625 | M6: 2 | N6: 27.65 | O6: 45 | P6: 93.8 | R6: 2 | S6: 34.7895 | T6: 44 | U6: 104.2632 | W6: 3 | X6: 18.9167 | Y6: 47 | Z6: 51.875 | AB6: 3 | AC6: 31.6087 | AD6: 57 | AE6: 97.5652 | AG6: 3 | AH6: 33.3158 | AI6: 51 | AJ6: 104.7895 | AL6: 3 | AM6: 29.8824 | AN6: 39 | AO6: 77.2941 | AQ6: 3 | AR6: 21 | AS6: 45 | AT6: 111.8 | AV6: 3 | AW6: 37.0667 | AX6: 33 | AY6: 100.2 | BA6: 3 | BB6: 39.2 | BC6: 48 | BD6: 108.2 | BF6: 3 | BG6: 31.5 | BH6: 37 | BI6: 86.3889 | BK6: 3 | BL6: 35.8 | BM6: 49 | BN6: 105.2667 | BP6: 3 | BQ6: 27.2609 | BR6: 60 | BS6: 99.3478 | BU6: 3 | BV6: 31.0455 | BW6: 49 | BX6: 104 | BZ6: 3 | CA6: 33.3158 | CB6: 49 | CC6: 107.4211 | CE6: 3 | CF6: 35 | CG6: 46 | CH6: 103.8571 | CJ6: 3 | CK6: 11.1579 | CL6: 58 | CM6: 61.3158 | CO6: 3 | CP6: 23.1053 | CQ6: 55 | CR6: 93.1579 | CT6: 3 | CU6: 10.6875 | CV6: 45 | CW6: 77.3125 | CY6: 3 | CZ6: 23.1333 | DA6: 40 | DB6: 97.3333 | DD6: 3 | DE6: 28 | DF6: 42 | DG6: 75.8 | DI6: 3 | DJ6: 37.9167 | DK6: 38 | DL6: 101.4167 | DN6: 3 | DO6: 38.375 | DP6: 49 | DQ6: 102.5625 | DS6: 3 | DT6: 22.8947 | DU6: 52 | DV6: 74.9474
B7: 4 | C7: 68.8438 | D7: 33 | E7: 106.5208 | H7: 4 | I7: 37.875 | J7: 39 | K7: 97.625 | M7: 3 | N7: 28.5 | O7: 46 | P7: 91.85 | R7: 3 | S7: 36.1579 | T7: 45 | U7: 105.3158 | W7: 4 | X7: 19 | Y7: 48 | Z7: 52.3333 | AB7: 4 | AC7: 32.9565 | AD7: 58 | AE7: 97.1739 | AG7: 4 | AH7: 35.7368 | AI7: 52 | AJ7: 105.0526 | AL7: 4 | AM7: 30.3529 | AN7: 40 | AO7: 77.2353 | AQ7: 4 | AR7: 22.2 | AS7: 46 | AT7: 105.55 | AV7: 4 | AW7: 38.6667 | AX7: 34 | AY7: 100.7333 | BA7: 4 | BB7: 44.7 | BC7: 49 | BD7: 106.8 | BF7: 4 | BG7: 34.3889 | BH7: 38 | BI7: 85.1667 | BK7: 4 | BL7: 38.5333 | BM7: 50 | BN7: 106.8 | BP7: 4 | BQ7: 27.2174 | BR7: 61 | BS7: 99 | BU7: 4 | BV7: 31.8636 | BW7: 50 | BX7: 104.3182 | BZ7: 4 | CA7: 34 | CB7: 50 | CC7: 99.3158 | CE7: 4 | CF7: 37.7619 | CG7: 47 | CH7: 103.8095 | CJ7: 4 | CK7: 11.8947 | CL7: 59 | CM7: 60.8947 | CO7: 4 | CP7: 26.2105 | CQ7: 56 | CR7: 93.3158 | CT7: 4 | CU7: 11.5625 | CV7: 46 | CW7: 73.8125 | CY7: 4 | CZ7: 27.4 | DA7: 41 | DB7: 95.6667 | DD7: 4 | DE7: 28.8 | DF7: 43 | DG7: 75.0667 | DI7: 4 | DJ7: 40.75 | DK7: 39 | DL7: 101.4167 | DN7: 4 | DO7: 47.9375 | DP7: 50 | DQ7: 101.4375 | DS7: 4 | DT7: 23.3158 | DU7: 53 | DV7: 74.6842
B8: 5 | C8: 69.6979 | D8: 34 | E8: 106.1042 | H8: 5 | I8: 40.5625 | J8: 40 | K8: 97.0625 | M8: 4 | N8: 29.7 | O8: 47 | P8: 91.4 | R8: 4 | S8: 37.3158 | T8: 46 | U8: 104.4211 | W8: 5 | X8: 19.1667 | Y8: 49 | Z8: 52.8333 | AB8: 5 | AC8: 34.8696 | AD8: 59 | AE8: 97 | AG8: 5 | AH8: 37.7895 | AI8: 53 | AJ8: 105 | AL8: 5 | AM8: 32.1176 | AN8: 41 | AO8: 76.5882 | AQ8: 5 | AR8: 24.8 | AS8: 47 | AT8: 101.4 | AV8: 5 | AW8: 40.9333 | AX8: 35 | AY8: 99.2667 | BA8: 5 | BB8: 48.45 | BC8: 50 | BD8: 105.55 | BF8: 5 | BG8: 38.2778 | BH8: 39 | BI8: 84.8333 | BK8: 5 | BL8: 40.7333 | BM8: 51 | BN8: 107.5333 | BP8: 5 | BQ8: 27.9565 | BR8: 62 | BS8: 98.087 | BU8: 5 | BV8: 32.9091 | BW8: 51 | BX8: 103.9091 | BZ8: 5 | CA8: 35.1579 | CB8: 51 | CC8: 92.6842 | CE8: 5 | CF8: 40.1905 | CG8: 48 | CH8: 103.9524 | CJ8: 5 | CK8: 13 | CL8: 60 | CM8: 60.0526 | CO8: 5 | CP8: 28.3158 | CQ8: 57 | CR8: 94.5789 | CT8: 5 | CU8: 12.375 | CV8: 47 | CW8: 68.5625 | CY8: 5 | CZ8: 31.1333 | DA8: 42 | DB8: 92.6 | DD8: 5 | DE8: 29.8 | DF8: 44 | DG8: 74.5333 | DI8: 5 | DJ8: 43.9167 | DK8: 40 | DL8: 101 | DN8: 5 | DO8: 56.6875 | DP8: 51 | DQ8: 101.6875 | DS8: 5 | DT8: 24.2632 | DU8: 54 | DV8: 73.7368
B9: 6 | C9: 70.9167 | D9: 35 | E9: 105.4062 | H9: 6 | I9: 42.75 | J9: 41 | K9: 97.4375 | M9: 5 | N9: 32.05 | O9: 48 | P9: 91.35 | R9: 5 | S9: 38.8421 | T9: 47 | U9: 102.3684 | W9: 6 | X9: 19.8333 | Y9: 50 | Z9: 53.1667 | AB9: 6 | AC9: 36.6087 | AD9: 60 | AE9: 96.6522 | AG9: 6 | AH9: 40.4211 | AI9: 54 | AJ9: 104.3684 | AL9: 6 | AM9: 34.2353 | AN9: 42 | AO9: 76 | AQ9: 6 | AR9: 27.7 | AS9: 48 | AT9: 99.15 | AV9: 6 | AW9: 43.1333 | AX9: 36 | AY9: 97.9333 | BA9: 6 | BB9: 49.4 | BC9: 51 | BD9: 104.6 | BF9: 6 | BG9: 42.1667 | BH9: 40 | BI9: 84.5556 | BK9: 6 | BL9: 40.8 | BM9: 52 | BN9: 106.4 | BP9: 6 | BQ9: 28.3913 | BR9: 63 | BS9: 96.3043 | BU9: 6 | BV9: 34.2727 | BW9: 52 | BX9: 103.1818 | BZ9: 6 | CA9: 36.7895 | CB9: 52 | CC9: 90.6842 | CE9: 6 | CF9: 41.9048 | CG9: 49 | CH9: 104.2381 | CJ9: 6 | CK9: 14.0526 | CL9: 61 | CM9: 59.8421 | CO9: 6 | CP9: 31.6842 | CQ9: 58 | CR9: 95.6842 | CT9: 6 | CU9: 13.5625 | CV9: 48 | CW9: 63.125 | CY9: 6 | CZ9: 32.9333 | DA9: 43 | DB9: 86.9333 | DD9: 6 | DE9: 30.5333 | DF9: 45 | DG9: 74.6 | DI9: 6 | DJ9: 46.5 | DK9: 41 | DL9: 100.25 | DN9: 6 | DO9: 63.1875 | DP9: 52 | DQ9: 101.75 | DS9: 6 | DT9: 24.9474 | DU9: 55 | DV9: 73.3684
B10: 7 | C10: 72.0521 | D10: 36 | E10: 105.4062 | H10: 7 | I10: 45.125 | J10: 42 | K10: 96.375 | M10: 6 | N10: 34.85 | O10: 49 | P10: 93.2 | R10: 6 | S10: 40.9474 | T10: 48 | U10: 100.7368 | W10: 7 | X10: 20.7917 | Y10: 51 | Z10: 53.7917 | AB10: 7 | AC10: 37.6957 | AD10: 61 | AE10: 96.2174 | AG10: 7 | AH10: 43.3158 | AI10: 55 | AJ10: 103.9474 | AL10: 7 | AM10: 36.6471 | AN10: 43 | AO10: 75.2941 | AQ10: 7 | AR10: 30.95 | AS10: 49 | AT10: 96.85 | AV10: 7 | AW10: 45.3333 | AX10: 37 | AY10: 98 | BA10: 7 | BB10: 48.8 | BC10: 52 | BD10: 104.15 | BF10: 7 | BG10: 46.6667 | BH10: 41 | BI10: 84.1111 | BK10: 7 | BL10: 42.6667 | BM10: 53 | BN10: 106.1333 | BP10: 7 | BQ10: 29 | BR10: 64 | BS10: 94.6087 | BU10: 7 | BV10: 36.1818 | BW10: 53 | BX10: 103.6364 | BZ10: 7 | CA10: 38.9474 | CB10: 53 | CC10: 90.6316 | CE10: 7 | CF10: 43.5714 | CG10: 50 | CH10: 104.4762 | CJ10: 7 | CK10: 15.8947 | CL10: 62 | CM10: 59.3684 | CO10: 7 | CP10: 36.5789 | CQ10: 59 | CR10: 97.3684 | CT10: 7 | CU10: 14.6875 | CV10: 49 | CW10: 57.875 | CY10: 7 | CZ10: 35.9333 | DA10: 44 | DB10: 82.8667 | DD10: 7 | DE10: 30.9333 | DF10: 46 | DG10: 74.4667 | DI10: 7 | DJ10: 47.8333 | DK10: 42 | DL10: 99.3333 | DN10: 7 | DO10: 69.875 | DP10: 53 | DQ10: 101.3125 | DS10: 7 | DT10: 24.9474 | DU10: 56 | DV10: 72.7368
B11: 8 | C11: 74.5729 | D11: 37 | E11: 106.9688 | H11: 8 | I11: 48.0625 | J11: 43 | K11: 92.5625 | M11: 7 | N11: 37.9 | O11: 50 | P11: 98 | R11: 7 | S11: 42.7368 | T11: 49 | U11: 100.9474 | W11: 8 | X11: 21.5 | Y11: 52 | Z11: 54.375 | AB11: 8 | AC11: 38.5652 | AD11: 62 | AE11: 95.4348 | AG11: 8 | AH11: 44.9474 | AI11: 56 | AJ11: 103.9474 | AL11: 8 | AM11: 38.8235 | AN11: 44 | AO11: 73.3529 | AQ11: 8 | AR11: 36.7 | AS11: 50 | AT11: 95.4 | AV11: 8 | AW11: 47.7333 | AX11: 38 | AY11: 98.2667 | BA11: 8 | BB11: 48.1 | BC11: 53 | BD11: 102.6 | BF11: 8 | BG11: 50.2222 | BH11: 42 | BI11: 83.4444 | BK11: 8 | BL11: 47.0667 | BM11: 54 | BN11: 106.3333 | BP11: 8 | BQ11: 30 | BR11: 65 | BS11: 93.3043 | BU11: 8 | BV11: 38.4091 | BW11: 54 | BX11: 104.7273 | BZ11: 8 | CA11: 41.2105 | CB11: 54 | CC11: 92.0526 | CE11: 8 | CF11: 46.0952 | CG11: 51 | CH11: 104.619 | CJ11: 8 | CK11: 18.4211 | CL11: 63 | CM11: 59.2105 | CO11: 8 | CP11: 41.1053 | CQ11: 60 | CR11: 99 | CT11: 8 | CU11: 16.1875 | CV11: 50 | CW11: 53.5625 | CY11: 8 | CZ11: 39 | DA11: 45 | DB11: 79.8667 | DD11: 8 | DE11: 31.6 | DF11: 47 | DG11: 74.2 | DI11: 8 | DJ11: 50.4167 | DK11: 43 | DL11: 99 | DN11: 8 | DO11: 77.0625 | DP11: 54 | DQ11: 101.625 | DS11: 8 | DT11: 25.5789 | DU11: 57 | DV11: 71.8947
B12: 9 | C12: 78.1771 | D12: 38 | E12: 108.0729 | H12: 9 | I12: 51.5625 | J12: 44 | K12: 88.75 | M12: 8 | N12: 42.4 | O12: 51 | P12: 101.6 | R12: 8 | S12: 43.4737 | T12: 50 | U12: 101.6316 | W12: 9 | X12: 22.375 | Y12: 53 | Z12: 54.0833 | AB12: 9 | AC12: 40 | AD12: 63 | AE12: 94.1739 | AG12: 9 | AH12: 46.8421 | AI12: 57 | AJ12: 104.2632 | AL12: 9 | AM12: 42.5294 | AN12: 45 | AO12: 71.4118 | AQ12: 9 | AR12: 42.9 | AS12: 51 | AT12: 95.5 | AV12: 9 | AW12: 50.9333 | AX12: 39 | AY12: 97.9333 | BA12: 9 | BB12: 49.9 | BC12: 54 | BD12: 98.2 | BF12: 9 | BG12: 52.7778 | BH12: 43 | BI12: 80.5 | BK12: 9 | BL12: 49.8667 | BM12: 55 | BN12: 105.8 | BP12: 9 | BQ12: 31.3043 | BR12: 66 | BS12: 91.0435 | BU12: 9 | BV12: 41 | BW12: 55 | BX12: 105.2273 | BZ12: 9 | CA12: 43.1053 | CB12: 55 | CC12: 94.7368 | CE12: 9 | CF12: 48.7143 | CG12: 52 | CH12: 104.8571 | CJ12: 9 | CK12: 21.4211 | CL12: 64 | CM12: 59.1053 | CO12: 9 | CP12: 46.3684 | CQ12: 61 | CR12: 100.6842 | CT12: 9 | CU12: 19.0625 | CV12: 51 | CW12: 52.375 | CY12: 9 | CZ12: 42.7333 | DA12: 46 | DB12: 75.2667 | DD12: 9 | DE12: 32 | DF12: 48 | DG12: 73.5333 | DI12: 9 | DJ12: 55.6667 | DK12: 44 | DL12: 96.3333 | DN12: 9 | DO12: 81.6875 | DP12: 55 | DQ12: 103.9375 | DS12: 9 | DT12: 26.1053 | DU12: 58 | DV12: 69.9474
B13: 10 | C13: 81.25 | D13: 39 | E13: 107.4688 | H13: 10 | I13: 55.125 | J13: 45 | K13: 86.1875 | M13: 9 | N13: 48.7 | O13: 52 | P13: 102.45 | R13: 9 | S13: 43.8947 | T13: 51 | U13: 103.1053 | W13: 10 | X13: 23.4167 | Y13: 54 | Z13: 53.3333 | AB13: 10 | AC13: 41.6957 | AD13: 64 | AE13: 92.913 | AG13: 10 | AH13: 48.1579 | AI13: 58 | AJ13: 103.8421 | AL13: 10 | AM13: 47.3529 | AN13: 46 | AO13: 68.5882 | AQ13: 10 | AR13: 45.2 | AS13: 52 | AT13: 95.35 | AV13: 10 | AW13: 54.6 | AX13: 40 | AY13: 96.2 | BA13: 10 | BB13: 52.35 | BC13: 55 | BD13: 93.55 | BF13: 10 | BG13: 56.6111 | BH13: 44 | BI13: 76.5 | BK13: 10 | BL13: 51.9333 | BM13: 56 | BN13: 104.2 | BP13: 10 | BQ13: 32.1304 | BR13: 67 | BS13: 88.7826 | BU13: 10 | BV13: 44.0909 | BW13: 56 | BX13: 104.7273 | BZ13: 10 | CA13: 44.6316 | CB13: 56 | CC13: 95.4211 | CE13: 10 | CF13: 51.4286 | CG13: 53 | CH13: 104.381 | CJ13: 10 | CK13: 24.6842 | CL13: 65 | CM13: 59 | CO13: 10 | CP13: 55.2632 | CQ13: 62 | CR13: 99.6316 | CT13: 10 | CU13: 21.6875 | CV13: 52 | CW13: 53.1875 | CY13: 10 | CZ13: 46.5333 | DA13: 47 | DB13: 72.9333 | DD13: 10 | DE13: 32.6 | DF13: 49 | DG13: 72.4667 | DI13: 10 | DJ13: 62.5833 | DK13: 45 | DL13: 94.5 | DN13: 10 | DO13: 83.4375 | DP13: 56 | DQ13: 106 | DS13: 10 | DT13: 26.5789 | DU13: 59 | DV13: 67.7895
B14: 11 | C14: 82.9167 | D14: 40 | E14: 105.9583 | H14: 11 | I14: 57.3125 | J14: 46 | K14: 83.5625 | M14: 10 | N14: 55.7 | O14: 53 | P14: 102.35 | R14: 10 | S14: 44.7895 | T14: 52 | U14: 104.6842 | W14: 11 | X14: 24.25 | Y14: 55 | Z14: 52.5417 | AB14: 11 | AC14: 43.4348 | AD14: 65 | AE14: 91.4783 | AG14: 11 | AH14: 49.5789 | AI14: 59 | AJ14: 102.6842 | AL14: 11 | AM14: 51.8235 | AN14: 47 | AO14: 65.1176 | AQ14: 11 | AR14: 46 | AS14: 53 | AT14: 93.45 | AV14: 11 | AW14: 57.2667 | AX14: 41 | AY14: 91.2 | BA14: 11 | BB14: 56 | BC14: 56 | BD14: 89.45 | BF14: 11 | BG14: 62.6667 | BH14: 45 | BI14: 73.1667 | BK14: 11 | BL14: 58.1333 | BM14: 57 | BN14: 103.6667 | BP14: 11 | BQ14: 33.1739 | BR14: 68 | BS14: 87.087 | BU14: 11 | BV14: 47.2727 | BW14: 57 | BX14: 104.1364 | BZ14: 11 | CA14: 47.2632 | CB14: 57 | CC14: 96.9474 | CE14: 11 | CF14: 54.619 | CG14: 54 | CH14: 104 | CJ14: 11 | CK14: 27.4211 | CL14: 66 | CM14: 59.3684 | CO14: 11 | CP14: 67.5789 | CQ14: 63 | CR14: 96.2632 | CT14: 11 | CU14: 24.5 | CV14: 53 | CW14: 53.4375 | CY14: 11 | CZ14: 48.8667 | DA14: 48 | DB14: 72.3333 | DD14: 11 | DE14: 34 | DF14: 50 | DG14: 71.8667 | DI14: 11 | DJ14: 66.8333 | DK14: 46 | DL14: 94.6667 | DN14: 11 | DO14: 84.1875 | DP14: 57 | DQ14: 106.3125 | DS14: 11 | DT14: 27.3684 | DU14: 60 | DV14: 65.2632
B15: 12 | C15: 84.4896 | D15: 41 | E15: 104.3958 | H15: 12 | I15: 59.1875 | J15: 47 | K15: 80.5 | M15: 11 | N15: 62.05 | O15: 54 | P15: 101.6 | R15: 11 | S15: 46.9474 | T15: 53 | U15: 107.2632 | W15: 12 | X15: 25.4583 | Y15: 56 | Z15: 51.625 | AB15: 12 | AC15: 44.3043 | AD15: 66 | AE15: 90.1304 | AG15: 12 | AH15: 50.7368 | AI15: 60 | AJ15: 101.7368 | AL15: 12 | AM15: 53.8824 | AN15: 48 | AO15: 62.1765 | AQ15: 12 | AR15: 46.6 | AS15: 54 | AT15: 91.2 | AV15: 12 | AW15: 59.3333 | AX15: 42 | AY15: 83.6 | BA15: 12 | BB15: 60.7 | BC15: 57 | BD15: 87.8 | BF15: 12 | BG15: 69.1111 | BH15: 46 | BI15: 70.3889 | BK15: 12 | BL15: 66.2667 | BM15: 58 | BN15: 104.2667 | BP15: 12 | BQ15: 34.6087 | BR15: 69 | BS15: 85.6957 | BU15: 12 | BV15: 49.6818 | BW15: 58 | BX15: 102.9545 | BZ15: 12 | CA15: 51.4737 | CB15: 58 | CC15: 98.8947 | CE15: 12 | CF15: 57.8571 | CG15: 55 | CH15: 104.1429 | CJ15: 12 | CK15: 29.8421 | CL15: 67 | CM15: 59.8421 | CO15: 12 | CP15: 78.0526 | CQ15: 64 | CR15: 92.8421 | CT15: 12 | CU15: 26 | CV15: 54 | CW15: 54.5 | CY15: 12 | CZ15: 50.1333 | DA15: 49 | DB15: 70.1333 | DD15: 12 | DE15: 36.8667 | DF15: 51 | DG15: 71.1333 | DI15: 12 | DJ15: 68.25 | DK15: 47 | DL15: 96.75 | DN15: 12 | DO15: 85.3125 | DP15: 58 | DQ15: 105.375 | DS15: 12 | DT15: 28.4211 | DU15: 61 | DV15: 62.6316
... B31: 28 | C31: 105.6875 | D31: 57 | E31: 72.1562 | H31: 28 | I31: 98.6875 | J31: 63 | K31: 44.9375 | M31: 27 | N31: 91.65 | O31: 70 | P31: 61 | R31: 27 | S31: 86.1579 | T31: 69 | U31: 49.7368 | W31: 28 | X31: 41.9583 | Y31: 72 | Z31: 29.125 | AB31: 28 | AC31: 75.4348 | AD31: 82 | AE31: 67 | AG31: 28 | AH31: 75.1053 | AI31: 76 | AJ31: 69.2632 | AL31: 28 | AM31: 78.5882 | AN31: 64 | AO31: 31.8235 | AQ31: 28 | AR31: 82.65 | AS31: 70 | AT31: 62.3 | AV31: 28 | AW31: 105.8667 | AX31: 58 | AY31: 36.5333 | BA31: 28 | BB31: 104.4 | BC31: 73 | BD31: 70.25 | BF31: 28 | BG31: 88.6111 | BH31: 62 | BI31: 42.7778 | BK31: 28 | BL31: 97.0667 | BM31: 74 | BN31: 71.6 | BP31: 28 | BQ31: 65.7826 | BR31: 85 | BS31: 57.6522 | BU31: 28 | BV31: 83.1364 | BW31: 74 | BX31: 66.7273 | BZ31: 28 | CA31: 96.3158 | CB31: 74 | CC31: 62.1053 | CE31: 28 | CF31: 90.4286 | CG31: 71 | CH31: 72.0476 | CJ31: 28 | CK31: 57.2105 | CL31: 83 | CM31: 41.5263 | CO31: 28 | CP31: 96.0526 | CQ31: 80 | CR31: 60.5789 | CT31: 28 | CU31: 52.375 | CV31: 70 | CW31: 50.625 | CY31: 28 | CZ31: 83.5333 | DA31: 65 | DB31: 24.2 | DD31: 28 | DE31: 76.5333 | DF31: 67 | DG31: 46.2667 | DI31: 28 | DJ31: 87.25 | DK31: 63 | DL31: 39 | DN31: 28 | DO31: 101.5625 | DP31: 74 | DQ31: 85.125 | DS31: 28 | DT31: 52.5789 | DU31: 77 | DV31: 41.7895
C32: =AVERAGE(C3:C31) -> 86.406621 | D32: =AVERAGE(D3:D31) -> 43 | E32: =AVERAGE(E3:E31) -> 97.58009 | H32: 29 | I32: 95.875 | J32: 64 | K32: 41.375 | M32: 28 | N32: 91.9 | O32: 71 | P32: 57.3 | R32: 28 | S32: 84.9474 | T32: 70 | U32: 47.7895 | W32: 29 | X32: 43 | Y32: 73 | Z32: 28.875 | AB32: 29 | AC32: 76.2609 | AD32: 83 | AE32: 64.5652 | AG32: 29 | AH32: 79.1053 | AI32: 77 | AJ32: 67.3158 | AL32: 29 | AM32: 78.1765 | AN32: 65 | AO32: 30.2353 | AQ32: 29 | AR32: 86.25 | AS32: 71 | AT32: 63.65 | AV32: 29 | AW32: 104.6 | AX32: 59 | AY32: 33.7333 | BA32: 29 | BB32: 103.55 | BC32: 74 | BD32: 69 | BF32: 29 | BG32: 87.4444 | BH32: 63 | BI32: 39.5 | BK32: 29 | BL32: 95.2 | BM32: 75 | BN32: 69.8667 | BP32: 29 | BQ32: 67.4348 | BR32: 86 | BS32: 58.3478 | BU32: 29 | BV32: 85.5 | BW32: 75 | BX32: 65.0455 | BZ32: 29 | CA32: 97.8421 | CB32: 75 | CC32: 58.5263 | CE32: 29 | CF32: 90.9048 | CG32: 72 | CH32: 69.6667 | CJ32: 29 | CK32: 58.8947 | CL32: 84 | CM32: 41 | CO32: 29 | CP32: 96.3158 | CQ32: 81 | CR32: 59 | CT32: 29 | CU32: 54.9375 | CV32: 71 | CW32: 47.6875 | CY32: 29 | CZ32: 83.8 | DA32: 66 | DB32: 22.9333 | DD32: 29 | DE32: 78.4 | DF32: 68 | DG32: 43.2 | DI32: 29 | DJ32: 87.8333 | DK32: 64 | DL32: 36.4167 | DN32: 29 | DO32: 101.3125 | DP32: 75 | DQ32: 86.6875 | DS32: 29 | DT32: 56.6316 | DU32: 78 | DV32: 40.9474
H33: 30 | I33: 93.375 | J33: 65 | K33: 38.8125 | M33: 29 | N33: 90.6 | O33: 72 | P33: 55.7 | R33: 29 | S33: 84.0526 | T33: 71 | U33: 45.7895 | W33: 30 | X33: 43.7083 | Y33: 74 | Z33: 28.625 | AB33: 30 | AC33: 77.6087 | AD33: 84 | AE33: 61.8261 | AG33: 30 | AH33: 83.8947 | AI33: 78 | AJ33: 62.6316 | AL33: 30 | AM33: 77.7059 | AN33: 66 | AO33: 29 | AQ33: 30 | AR33: 88.35 | AS33: 72 | AT33: 64.2 | BA33: 30 | BB33: 101.65 | BC33: 75 | BD33: 66.85 | BF33: 30 | BG33: 86.4444 | BH33: 64 | BI33: 38.1667 | BK33: 30 | BL33: 93.4 | BM33: 76 | BN33: 68.3333 | BP33: 30 | BQ33: 69.2174 | BR33: 87 | BS33: 58.1304 | BU33: 30 | BV33: 86.8636 | BW33: 76 | BX33: 62.5 | BZ33: 30 | CA33: 99.4737 | CB33: 76 | CC33: 54.1053 | CE33: 30 | CF33: 91 | CG33: 73 | CH33: 68.4286 | CJ33: 30 | CK33: 60.2105 | CL33: 85 | CM33: 40.0526 | CO33: 30 | CP33: 98.6842 | CQ33: 82 | CR33: 56.9474 | CT33: 30 | CU33: 59 | CV33: 72 | CW33: 44.5 | CY33: 30 | CZ33: 81.0667 | DA33: 67 | DB33: 21.2667 | DD33: 30 | DE33: 77.7333 | DF33: 69 | DG33: 39.1333 | DI33: 30 | DJ33: 91.4167 | DK33: 65 | DL33: 33.9167 | DN33: 30 | DO33: 100.75 | DP33: 76 | DQ33: 86 | DS33: 30 | DT33: 59.8947 | DU33: 79 | DV33: 39.6842
A34: Entire Columella | H34: 31 | I34: 92.6875 | J34: 66 | K34: 38.1875 | M34: 30 | N34: 88.95 | O34: 73 | P34: 52.6 | R34: 30 | S34: 84.2632 | T34: 72 | U34: 44.9474 | W34: 31 | X34: 43.9167 | Y34: 75 | Z34: 28.375 | AB34: 31 | AC34: 79.6522 | AD34: 85 | AE34: 59.3478 | AG34: 31 | AH34: 87.9474 | AI34: 79 | AJ34: 59.5789 | AL34: 31 | AM34: 76.8235 | AN34: 67 | AO34: 28.5882 | AQ34: 31 | AR34: 89.85 | AS34: 73 | AT34: 62.45 | AV34: entire 1613 | BA34: 31 | BB34: 99.25 | BC34: 76 | BD34: 63.85 | BF34: 31 | BG34: 86.2222 | BH34: 65 | BI34: 37.2778 | BK34: 31 | BL34: 93 | BM34: 77 | BN34: 65.7333 | BP34: 31 | BQ34: 71.4348 | BR34: 88 | BS34: 56.8261 | BU34: 31 | BV34: 87.6364 | BW34: 77 | BX34: 59.7727 | BZ34: 31 | CA34: 102.5789 | CB34: 77 | CC34: 52.0526 | CE34: 31 | CF34: 91.6667 | CG34: 74 | CH34: 67.0476 | CJ34: 31 | CK34: 61.4211 | CL34: 86 | CM34: 39.3158 | CO34: 31 | CP34: 99.7368 | CQ34: 83 | CR34: 55.0526 | CT34: 31 | CU34: 62.75 | CV34: 73 | CW34: 41.25 | CY34: 31 | CZ34: 79.7333 | DA34: 68 | DB34: 20.2667 | DD34: 31 | DE34: 75.9333 | DF34: 70 | DG34: 36.9333 | DI34: 31 | DJ34: 96.3333 | DK34: 66 | DL34: 30.5 | DN34: 31 | DO34: 99.5 | DP34: 77 | DQ34: 81.25 | DS34: 31 | DT34: 63.3158 | DU34: 80 | DV34: 37.7368
B35: Id | H35: 32 | I35: 92.5 | J35: 67 | K35: 36.6875 | M35: 31 | N35: 89.15 | O35: 74 | P35: 48.6 | R35: 31 | S35: 84.7368 | T35: 73 | U35: 45.0526 | W35: 32 | X35: 43.7917 | Y35: 76 | Z35: 27.625 | AB35: 32 | AC35: 83.3478 | AD35: 86 | AE35: 57.6522 | AG35: 32 | AH35: 92 | AI35: 80 | AJ35: 57.3684 | AL35: 32 | AM35: 76.1176 | AN35: 68 | AO35: 27.5294 | AQ35: 32 | AR35: 89.8 | AS35: 74 | AT35: 58.7 | AV35: 0 | AW35: 45.5254 | BA35: 32 | BB35: 97.1 | BC35: 77 | BD35: 61.6 | BF35: 32 | BG35: 86.2778 | BH35: 66 | BI35: 35.9444 | BK35: 32 | BL35: 94.9333 | BM35: 78 | BN35: 63.0667 | BP35: 32 | BQ35: 73.913 | BR35: 89 | BS35: 55 | BU35: 32 | BV35: 88.7273 | BW35: 78 | BX35: 57.8182 | BZ35: 32 | CA35: 105.8947 | CB35: 78 | CC35: 51.2632 | CE35: 32 | CF35: 93.5238 | CG35: 75 | CH35: 65 | CJ35: 32 | CK35: 62.2632 | CL35: 87 | CM35: 38.7895 | CO35: 32 | CP35: 99.2105 | CQ35: 84 | CR35: 53.9474 | CT35: 32 | CU35: 65.125 | CV35: 74 | CW35: 38.3125 | CY35: 32 | CZ35: 79 | DA35: 69 | DB35: 19 | DD35: 32 | DE35: 74.6667 | DF35: 71 | DG35: 35.5333 | DI35: 32 | DJ35: 98.9167 | DK35: 67 | DL35: 29.5833 | DN35: 32 | DO35: 98.75 | DP35: 78 | DQ35: 80.4375 | DS35: 32 | DT35: 66.4211 | DU35: 81 | DV35: 35.5263
A36: 1603 | B36: 0 | C36: 21.32 | H36: 33 | I36: 92.8125 | J36: 68 | K36: 34.9375 | M36: 32 | N36: 88.2 | O36: 75 | P36: 44.7 | R36: 32 | S36: 84.4737 | T36: 74 | U36: 45.1579 | W36: 33 | X36: 45 | Y36: 77 | Z36: 26 | AB36: 33 | AC36: 87.7391 | AD36: 87 | AE36: 56.7826 | AG36: 33 | AH36: 94.4211 | AI36: 81 | AJ36: 55 | AL36: 33 | AM36: 75.7647 | AN36: 69 | AO36: 26.3529 | AQ36: 33 | AR36: 89.3 | AS36: 75 | AT36: 53.85 | AV36: 1 | AW36: 49.1695 | BA36: 33 | BB36: 95.35 | BC36: 78 | BD36: 59.3 | BF36: 33 | BG36: 86.8889 | BH36: 67 | BI36: 33.3889 | BK36: 33 | BL36: 98.3333 | BM36: 79 | BN36: 60.1333 | BP36: 33 | BQ36: 76.087 | BR36: 90 | BS36: 53.2174 | BU36: 33 | BV36: 90.3182 | BW36: 79 | BX36: 56.5909 | BZ36: 33 | CA36: 107.8421 | CB36: 79 | CC36: 49.8947 | CE36: 33 | CF36: 95.1905 | CG36: 76 | CH36: 61.9048 | CJ36: 33 | CK36: 62.2632 | CL36: 88 | CM36: 38.3684 | CO36: 33 | CP36: 98.4211 | CQ36: 85 | CR36: 53.7368 | CT36: 33 | CU36: 65.875 | CV36: 75 | CW36: 35.5 | CY36: 33 | CZ36: 76.8667 | DA36: 70 | DB36: 17.6 | DD36: 33 | DE36: 74.4667 | DF36: 72 | DG36: 34.3333 | DI36: 33 | DJ36: 101.3333 | DK36: 68 | DL36: 28.5 | DN36: 33 | DO36: 98.4375 | DP36: 79 | DQ36: 83.1875 | DS36: 33 | DT36: 68.2105 | DU36: 82 | DV36: 33.4737
B37: 1 | C37: 21.48 | H37: 34 | I37: 92.375 | J37: 69 | K37: 33.6875 | M37: 33 | N37: 87.05 | O37: 76 | P37: 41.2 | R37: 33 | S37: 85.0526 | T37: 75 | U37: 44.7895 | W37: 34 | X37: 47.8333 | Y37: 78 | Z37: 24 | AB37: 34 | AC37: 91.3043 | AD37: 88 | AE37: 56.0435 | AG37: 34 | AH37: 95.7895 | AI37: 82 | AJ37: 51.6842 | AL37: 34 | AM37: 75.2353 | AN37: 70 | AO37: 25.2941 | AQ37: 34 | AR37: 89.15 | AS37: 76 | AT37: 48.9 | AV37: 2 | AW37: 53.7627 | BA37: 34 | BB37: 94.6 | BC37: 79 | BD37: 56.4 | BK37: 34 | BL37: 101.1333 | BM37: 80 | BN37: 55.8667 | BP37: 34 | BQ37: 78.7391 | BR37: 91 | BS37: 50.6522 | BU37: 34 | BV37: 91.5 | BW37: 80 | BX37: 55.3636 | BZ37: 34 | CA37: 106.8947 | CB37: 80 | CC37: 49.4737 | CE37: 34 | CF37: 95.4286 | CG37: 77 | CH37: 58.3333 | CJ37: 34 | CK37: 62.1053 | CL37: 89 | CM37: 37.8421 | CO37: 34 | CP37: 97.2632 | CQ37: 86 | CR37: 54.2632 | CT37: 34 | CU37: 65.4375 | CV37: 76 | CW37: 31.8125 | CY37: 34 | CZ37: 73.8 | DA37: 71 | DB37: 16.2 | DD37: 34 | DE37: 73.8667 | DF37: 73 | DG37: 33.7333 | DI37: 34 | DJ37: 101.4167 | DK37: 69 | DL37: 28.4167 | DN37: 34 | DO37: 99.125 | DP37: 80 | DQ37: 86.5625 | DS37: 34 | DT37: 69.7895 | DU37: 83 | DV37: 31.5263
B38: 2 | C38: 22.44 | M38: 34 | N38: 87.5 | O38: 77 | P38: 38 | R38: 34 | S38: 86.4737 | T38: 76 | U38: 43.7895 | W38: 35 | X38: 51.4583 | Y38: 79 | Z38: 22.125 | AB38: 35 | AC38: 93.3043 | AD38: 89 | AE38: 55 | AG38: 35 | AH38: 98.2105 | AI38: 83 | AJ38: 48.4737 | AL38: 35 | AM38: 75.3529 | AN38: 71 | AO38: 24.7647 | AQ38: 35 | AR38: 88.2 | AS38: 77 | AT38: 45.05 | AV38: 3 | AW38: 59.7458 | BA38: 35 | BB38: 95.5 | BC38: 80 | BD38: 53.4 | BF38: entire 1615 | BK38: 35 | BL38: 104.0667 | BM38: 81 | BN38: 52.9333 | BP38: 35 | BQ38: 80.8696 | BR38: 92 | BS38: 48.6087 | BU38: 35 | BV38: 92.5455 | BW38: 81 | BX38: 54.1364 | BZ38: 35 | CA38: 104.3158 | CB38: 81 | CC38: 49.5789 | CE38: 35 | CF38: 97.2857 | CG38: 78 | CH38: 54.9048 | CJ38: 35 | CK38: 62 | CL38: 90 | CM38: 37 | CO38: 35 | CP38: 96.0526 | CQ38: 87 | CR38: 53.9474 | CT38: 35 | CU38: 65.875 | CV38: 77 | CW38: 28.625 | CY38: 35 | CZ38: 74.6 | DA38: 72 | DB38: 15.4667 | DD38: 35 | DE38: 72.6 | DF38: 74 | DG38: 32.9333 | DN38: 35 | DO38: 100.9375 | DP38: 81 | DQ38: 84.6875 | DS38: 35 | DT38: 72.2105 | DU38: 84 | DV38: 29.5263
B39: 3 | C39: 23.2 | M39: 35 | N39: 90.5 | O39: 78 | P39: 34.75 | R39: 35 | S39: 88.8421 | T39: 77 | U39: 41.6316 | W39: 36 | X39: 55.875 | Y39: 80 | Z39: 21.375 | AB39: 36 | AC39: 94.2609 | AD39: 90 | AE39: 53.6087 | AG39: 36 | AH39: 101.0526 | AI39: 84 | AJ39: 45.4211 | AQ39: 36 | AR39: 88.25 | AS39: 78 | AT39: 40.15 | AV39: 4 | AW39: 64.9153 | BA39: 36 | BB39: 96.85 | BC39: 81 | BD39: 50.2 | BF39: 0 | BG39: 60.2931 | BK39: 36 | BL39: 104.7333 | BM39: 82 | BN39: 49.7333 | BP39: 36 | BQ39: 83.3043 | BR39: 93 | BS39: 46.2609 | BU39: 36 | BV39: 93.7273 | BW39: 82 | BX39: 51.8182 | BZ39: 36 | CA39: 101.9474 | CB39: 82 | CC39: 49.2632 | CE39: 36 | CF39: 99.1429 | CG39: 79 | CH39: 50.9048 | CJ39: 36 | CK39: 61.6316 | CL39: 91 | CM39: 36.2105 | CO39: 36 | CP39: 95.7895 | CQ39: 88 | CR39: 53.6316 | CT39: 36 | CU39: 66.8125 | CV39: 78 | CW39: 26 | CY39: 36 | CZ39: 80.9333 | DA39: 73 | DB39: 14.8667 | DD39: 36 | DE39: 71.6667 | DF39: 75 | DG39: 32 | DI39: entire 1626 | DN39: 36 | DO39: 102.6875 | DP39: 82 | DQ39: 81.8125 | DS39: 36 | DT39: 75.2105 | DU39: 85 | DV39: 28.3684
B40: 4 | C40: 24.2 | I40: Entire | M40: 36 | N40: 98.35 | O40: 79 | P40: 32.6 | R40: 36 | S40: 91.8947 | T40: 78 | U40: 39.3684 | W40: 37 | X40: 60.5 | Y40: 81 | Z40: 21.0417 | AB40: 37 | AC40: 94.6087 | AD40: 91 | AE40: 51.5217 | AG40: 37 | AH40: 101.9474 | AI40: 85 | AJ40: 44.5263 | AL40: entire | AQ40: 37 | AR40: 90.75 | AS40: 79 | AT40: 34.5 | AV40: 5 | AW40: 67.983 | BA40: 37 | BB40: 97.25 | BC40: 82 | BD40: 47.6 | BF40: 1 | BG40: 64.3448 | BK40: 37 | BL40: 104.1333 | BM40: 83 | BN40: 46.2 | BP40: 37 | BQ40: 85.3913 | BR40: 94 | BS40: 44.3043 | BU40: 37 | BV40: 96.2273 | BW40: 83 | BX40: 47.3182 | BZ40: 37 | CA40: 100.4211 | CB40: 83 | CC40: 47.7368 | CE40: 37 | CF40: 99.619 | CG40: 80 | CH40: 47.8095 | CJ40: 37 | CK40: 61.2632 | CL40: 92 | CM40: 35.3684 | CO40: 37 | CP40: 96.1053 | CQ40: 89 | CR40: 53.6842 | CT40: 37 | CU40: 68.1875 | CV40: 79 | CW40: 22.875 | DD40: 37 | DE40: 72.5333 | DF40: 76 | DG40: 30.9333 | DI40: 0 | DJ40: 47.4839 | DN40: 37 | DO40: 104 | DP40: 83 | DQ40: 81.125 | DS40: 37 | DT40: 77.8421 | DU40: 86 | DV40: 27.0526
B41: 5 | C41: 25.16 | I41: 1604 | J41: Pixels | M41: 37 | N41: 107.1 | O41: 80 | P41: 31.6 | R41: 37 | S41: 94.7368 | T41: 79 | U41: 37.8421 | W41: 38 | X41: 64.0417 | Y41: 82 | Z41: 20.625 | AB41: 38 | AC41: 94.913 | AD41: 92 | AE41: 49.2174 | AG41: 38 | AH41: 102.5789 | AI41: 86 | AJ41: 41.6316 | AL41: 1610 | AQ41: 38 | AR41: 93.65 | AS41: 80 | AT41: 31 | AV41: 6 | AW41: 70.6271 | BA41: 38 | BB41: 97.3 | BC41: 83 | BD41: 44.8 | BF41: 2 | BG41: 68.5862 | BK41: 38 | BL41: 103.8 | BM41: 84 | BN41: 43.3333 | BP41: 38 | BQ41: 87.1304 | BR41: 95 | BS41: 41.8261 | BU41: 38 | BV41: 99.6818 | BW41: 84 | BX41: 42.4091 | BZ41: 38 | CA41: 99.2632 | CB41: 84 | CC41: 45.6842 | CE41: 38 | CF41: 100.0952 | CG41: 81 | CH41: 44.4286 | CJ41: 38 | CK41: 61.3158 | CL41: 93 | CM41: 34.3158 | CO41: 38 | CP41: 96.4211 | CQ41: 90 | CR41: 52.8421 | CT41: 38 | CU41: 69.875 | CV41: 80 | CW41: 20.4375 | CY41: entire 1624 | DD41: 38 | DE41: 73.8667 | DF41: 77 | DG41: 29.8 | DI41: 1 | DJ41: 48.7097 | DN41: 38 | DO41: 105.1875 | DP41: 84 | DQ41: 77.125 | DS41: 38 | DT41: 78.3158 | DU41: 87 | DV41: 26.0526
B42: 6 | C42: 26.64 | J42: 0 | K42: 54.4151 | M42: 38 | N42: 112.6 | O42: 81 | P42: 30.35 | R42: 38 | S42: 98.1579 | T42: 80 | U42: 35.7895 | W42: 39 | X42: 66.2083 | Y42: 83 | Z42: 20.125 | AB42: 39 | AC42: 96.087 | AD42: 93 | AE42: 46.6957 | AG42: 39 | AH42: 103.8421 | AI42: 87 | AJ42: 38.9474 | AL42: 0 | AM42: 36.0556 | AQ42: 39 | AR42: 97.05 | AS42: 81 | AT42: 28.3 | AV42: 7 | AW42: 72.5932 | BA42: 39 | BB42: 98.35 | BC42: 84 | BD42: 40.45 | BF42: 3 | BG42: 71.7069 | BK42: 39 | BL42: 104.5333 | BM42: 85 | BN42: 40.6 | BP42: 39 | BQ42: 89.3043 | BR42: 96 | BS42: 40.3913 | BU42: 39 | BV42: 102 | BW42: 85 | BX42: 38.8182 | BZ42: 39 | CA42: 99.1579 | CB42: 85 | CC42: 43.6316 | CE42: 39 | CF42: 100.619 | CG42: 82 | CH42: 40.7619 | CJ42: 39 | CK42: 61.4211 | CL42: 94 | CM42: 33.1053 | CO42: 39 | CP42: 94.2632 | CQ42: 91 | CR42: 50.6842 | CT42: 39 | CU42: 72.1875 | CV42: 81 | CW42: 18.0625 | CY42: 0 | CZ42: 28.6923 | DI42: 2 | DJ42: 50.4839 | DN42: 39 | DO42: 106.9375 | DP42: 85 | DQ42: 71.5 | DS42: 39 | DT42: 78.9474 | DU42: 88 | DV42: 25.2105
B43: 7 | C43: 29.2 | J43: 1 | K43: 58.8491 | M43: 39 | N43: 113.1 | O43: 82 | P43: 29 | R43: 39 | S43: 102.2632 | T43: 81 | U43: 33.6842 | W43: 40 | X43: 66.375 | Y43: 84 | Z43: 19.5417 | AB43: 40 | AC43: 97 | AD43: 94 | AE43: 44.2174 | AG43: 40 | AH43: 105.0526 | AI43: 88 | AJ43: 37.1579 | AL43: 1 | AM43: 41.2963 | AQ43: 40 | AR43: 104 | AS43: 82 | AT43: 25.9 | AV43: 8 | AW43: 77.6949 | BA43: 40 | BB43: 99.75 | BC43: 85 | BD43: 35.65 | BF43: 4 | BG43: 74.2931 | BK43: 40 | BL43: 104.5333 | BM43: 86 | BN43: 37.9333 | BP43: 40 | BQ43: 90.8696 | BR43: 97 | BS43: 38.6087 | BU43: 40 | BV43: 103.0909 | BW43: 86 | BX43: 36.5 | BZ43: 40 | CA43: 100.3158 | CB43: 86 | CC43: 41.8947 | CE43: 40 | CF43: 100.5714 | CG43: 83 | CH43: 37.6667 | CJ43: 40 | CK43: 61.3684 | CL43: 95 | CM43: 31.7895 | CO43: 40 | CP43: 92.4211 | CQ43: 92 | CR43: 48.8421 | CT43: 40 | CU43: 75.8125 | CV43: 82 | CW43: 15.375 | CY43: 1 | CZ43: 32.4038 | DD43: entire 1625 | DI43: 3 | DJ43: 52.3548 | DN43: 40 | DO43: 108.875 | DP43: 86 | DQ43: 68.5625 | DS43: 40 | DT43: 80.0526 | DU43: 89 | DV43: 24.6842
B44: 8 | C44: 30.56 | J44: 2 | K44: 65.4906 | M44: 40 | N44: 109.3 | O44: 83 | P44: 28.65 | R44: 40 | S44: 105.5789 | T44: 82 | U44: 31.6842 | W44: 41 | X44: 65.2917 | Y44: 85 | Z44: 18.875 | AB44: 41 | AC44: 97.3043 | AD44: 95 | AE44: 41.2174 | AG44: 41 | AH44: 105.1053 | AI44: 89 | AJ44: 34.2105 | AL44: 2 | AM44: 49.3704 | AQ44: 41 | AR44: 112.2 | AS44: 83 | AT44: 23.6 | AV44: 9 | AW44: 82.5085 | BA44: 41 | BB44: 100.95 | BC44: 86 | BD44: 31.55 | BF44: 5 | BG44: 77.4483 | BK44: 41 | BL44: 105 | BM44: 87 | BN44: 35.1333 | BP44: 41 | BQ44: 91.4348 | BR44: 98 | BS44: 36.4783 | BU44: 41 | BV44: 103.5909 | BW44: 87 | BX44: 34.4091 | BZ44: 41 | CA44: 102.6316 | CB44: 87 | CC44: 40.4211 | CE44: 41 | CF44: 100.8571 | CG44: 84 | CH44: 34.7619 | CJ44: 41 | CK44: 61.4737 | CL44: 96 | CM44: 31 | CO44: 41 | CP44: 93.6842 | CQ44: 93 | CR44: 47.8421 | CT44: 41 | CU44: 77.875 | CV44: 83 | CW44: 13.5625 | CY44: 2 | CZ44: 37.3462 | DD44: 0 | DE44: 44.6944 | DI44: 4 | DJ44: 55.5806 | DN44: 41 | DO44: 110.9375 | DP44: 87 | DQ44: 62.3125 | DS44: 41 | DT44: 80.7895 | DU44: 90 | DV44: 23.9474
B45: 9 | C45: 31.12 | J45: 3 | K45: 72.6226 | M45: 41 | N45: 104.2 | O45: 84 | P45: 28.1 | R45: 41 | S45: 107.4211 | T45: 83 | U45: 30.3684 | W45: 42 | X45: 63 | Y45: 86 | Z45: 18.125 | AB45: 42 | AC45: 97.9565 | AD45: 96 | AE45: 38.3043 | AG45: 42 | AH45: 104.7368 | AI45: 90 | AJ45: 31.1053 | AL45: 3 | AM45: 55.0741 | AV45: 10 | AW45: 84.2881 | BA45: 42 | BB45: 102.45 | BC45: 87 | BD45: 28.75 | BF45: 6 | BG45: 81.6552 | BK45: 42 | BL45: 105.7333 | BM45: 88 | BN45: 32.4667 | BP45: 42 | BQ45: 92.3913 | BR45: 99 | BS45: 34 | BU45: 42 | BV45: 104.2273 | BW45: 88 | BX45: 32.2273 | BZ45: 42 | CA45: 106.2632 | CB45: 88 | CC45: 38.8421 | CE45: 42 | CF45: 101.4286 | CG45: 85 | CH45: 32.5238 | CJ45: 42 | CK45: 62.2632 | CL45: 97 | CM45: 30.1579 | CO45: 42 | CP45: 97.8947 | CQ45: 94 | CR45: 46.0526 | CY45: 3 | CZ45: 42.2692 | DD45: 1 | DE45: 46.2778 | DI45: 5 | DJ45: 60.4194 | DN45: 42 | DO45: 111.125 | DP45: 88 | DQ45: 53.875 | DS45: 42 | DT45: 80.0526 | DU45: 91 | DV45: 23.6316
B46: 10 | C46: 32.12 | J46: 4 | K46: 80.3396 | M46: 42 | N46: 100 | O46: 85 | P46: 26.55 | W46: 43 | X46: 60.6667 | Y46: 87 | Z46: 17.9583 | AB46: 43 | AC46: 98.6957 | AD46: 97 | AE46: 36.2174 | AG46: 43 | AH46: 104.2632 | AI46: 91 | AJ46: 28.8947 | AL46: 4 | AM46: 58.5926 | AQ46: entire 1611 | AV46: 11 | AW46: 87.6441 | BA46: 43 | BB46: 103.15 | BC46: 88 | BD46: 26.25 | BF46: 7 | BG46: 85.2069 | BK46: 43 | BL46: 105.8667 | BM46: 89 | BN46: 31.5333 | BP46: 43 | BQ46: 93.1304 | BR46: 100 | BS46: 32.3913 | BU46: 43 | BV46: 104.6818 | BW46: 89 | BX46: 30.8636 | BZ46: 43 | CA46: 111.3158 | CB46: 89 | CC46: 37.5789 | CJ46: 43 | CK46: 63.0526 | CL46: 98 | CM46: 29.2632 | CO46: 43 | CP46: 101.1053 | CQ46: 95 | CR46: 43 | CT46: entire 1623 | CY46: 4 | CZ46: 47.9038 | DD46: 2 | DE46: 48.8472 | DI46: 6 | DJ46: 66.7258 | DN46: 43 | DO46: 110.625 | DP46: 89 | DQ46: 37.3125 | DS46: 43 | DT46: 78.1579 | DU46: 92 | DV46: 23.3684
B47: 11 | C47: 33.12 | J47: 5 | K47: 85.8868 | AB47: 44 | AC47: 99.6957 | AD47: 98 | AE47: 34.4783 | AG47: 44 | AH47: 103.8947 | AI47: 92 | AJ47: 27.5789 | AL47: 5 | AM47: 64.9074 | AQ47: 0 | AR47: 39.8846 | AV47: 12 | AW47: 92.4915 | BA47: 44 | BB47: 105.25 | BC47: 89 | BD47: 25 | BF47: 8 | BG47: 88.4828 | BK47: 44 | BL47: 104.8667 | BM47: 90 | BN47: 31.0667 | BP47: 44 | BQ47: 92.3478 | BR47: 101 | BS47: 30.6957 | BU47: 44 | BV47: 104.7273 | BW47: 90 | BX47: 30.0909 | BZ47: 44 | CA47: 115.3158 | CB47: 90 | CC47: 35.7368 | CE47: entire 1620 | CJ47: 44 | CK47: 64.0526 | CL47: 99 | CM47: 29.1053 | CO47: 44 | CP47: 102.5263 | CQ47: 96 | CR47: 39.7895 | CT47: 0 | CU47: 24.3654 | CY47: 5 | CZ47: 54.25 | DD47: 3 | DE47: 52.125 | DI47: 7 | DJ47: 72.8871 | DN47: 44 | DO47: 109.5 | DP47: 90 | DQ47: 26.3125 | DS47: 44 | DT47: 77.7895 | DU47: 93 | DV47: 22.9474
B48: 12 | C48: 35.2 | J48: 6 | K48: 87.4906 | M48: Entire | R48: entire | W48: entire | AB48: 45 | AC48: 100.5652 | AD48: 99 | AE48: 33 | AG48: 45 | AH48: 103.4211 | AI48: 93 | AJ48: 26.2632 | AL48: 6 | AM48: 73.0741 | AQ48: 1 | AR48: 43.25 | AV48: 13 | AW48: 96.9153 | BF48: 9 | BG48: 92.0862 | BK48: 45 | BL48: 104.8667 | BM48: 91 | BN48: 30.3333 | BP48: 45 | BQ48: 93.6087 | BR48: 102 | BS48: 28.3043 | BU48: 45 | BV48: 104.2727 | BW48: 91 | BX48: 29.6818 | BZ48: 45 | CA48: 117.1053 | CB48: 91 | CC48: 33.1579 | CE48: 0 | CF48: 53.2462 | CJ48: 45 | CK48: 64.7895 | CL48: 100 | CM48: 28.2632 | CO48: 45 | CP48: 102.1053 | CQ48: 97 | CR48: 37.2105 | CT48: 1 | CU48: 25.7885 | CY48: 6 | CZ48: 59.8077 | DD48: 4 | DE48: 55.3472 | DI48: 8 | DJ48: 78.1774 | DN48: 45 | DO48: 108.6875 | DP48: 91 | DQ48: 23.5625 | DS48: 45 | DT48: 77.4211 | DU48: 94 | DV48: 22.7895
B49: 13 | C49: 38.24 | J49: 7 | K49: 88.5849 | M49: 1605 | R49: 1606 | W49: 1607 | AB49: 46 | AC49: 100.6957 | AD49: 100 | AE49: 31.7391 | AG49: 46 | AH49: 103.1579 | AI49: 94 | AJ49: 25.2632 | AL49: 7 | AM49: 76.8333 | AQ49: 2 | AR49: 48.75 | AV49: 14 | AW49: 100.5424 | BA49: entire 1614 | BF49: 10 | BG49: 93.9483 | BP49: 46 | BQ49: 93.7826 | BR49: 103 | BS49: 25.7391 | CE49: 1 | CF49: 53.9538 | CJ49: 46 | CK49: 65.5789 | CL49: 101 | CM49: 27.5263 | CO49: 46 | CP49: 100.8947 | CQ49: 98 | CR49: 35.6842 | CT49: 2 | CU49: 28.6346 | CY49: 7 | CZ49: 60.5577 | DD49: 5 | DE49: 57.9028 | DI49: 9 | DJ49: 82.2258 | DS49: 46 | DT49: 76.4737 | DU49: 95 | DV49: 22.1053
B50: 14 | C50: 42.2 | J50: 8 | K50: 92.283 | M50: pixels | R50: pixels | W50: 0 | X50: 56.2742 | AB50: 47 | AC50: 100.3478 | AD50: 101 | AE50: 30.8261 | AG50: 47 | AH50: 103.3158 | AI50: 95 | AJ50: 24.2105 | AL50: 8 | AM50: 77.0556 | AQ50: 3 | AR50: 54.5385 | AV50: 15 | AW50: 102.983 | BF50: 11 | BG50: 94.8966 | BK50: entire 1616 | BP50: 47 | BQ50: 94.3043 | BR50: 104 | BS50: 23.9565 | BU50: entire 1618 | BZ50: entire 1619 | CE50: 2 | CF50: 54.6154 | CJ50: 47 | CK50: 65.7368 | CL50: 102 | CM50: 27.0526 | CO50: 47 | CP50: 98.6842 | CQ50: 99 | CR50: 34.1579 | CT50: 3 | CU50: 32.8462 | CY50: 8 | CZ50: 61 | DD50: 6 | DE50: 60.7222 | DI50: 10 | DJ50: 85.7097 | DN50: entire 1627 | DS50: 47 | DT50: 76.2105 | DU50: 96 | DV50: 22.1053
B51: 15 | C51: 46.04 | J51: 9 | K51: 96.9811 | M51: 0 | N51: 65.2069 | R51: 0 | S51: 58.4512 | W51: 1 | X51: 59.5323 | AB51: 48 | AC51: 100.0435 | AD51: 102 | AE51: 30.3478 | AL51: 9 | AM51: 76.4259 | AQ51: 4 | AR51: 60.1154 | AV51: 16 | AW51: 104.8814 | BA51: 0 | BB51: 56.8676 | BF51: 12 | BG51: 96.5345 | BK51: 0 | BL51: 53.4828 | BP51: 48 | BQ51: 95.3043 | BR51: 105 | BS51: 22.913 | BU51: 0 | BV51: 52.9091 | BZ51: 0 | CA51: 58.2154 | CE51: 3 | CF51: 56.1538 | CJ51: 48 | CK51: 66.0526 | CL51: 103 | CM51: 26.4737 | CO51: 48 | CP51: 97.3684 | CQ51: 100 | CR51: 32.5789 | CT51: 4 | CU51: 37.0192 | CY51: 9 | CZ51: 66.2115 | DD51: 7 | DE51: 64.2361 | DI51: 11 | DJ51: 88.9032 | DN51: 0 | DO51: 49.56 | DS51: 48 | DT51: 76.7368 | DU51: 97 | DV51: 21.8421
B52: 16 | C52: 50.12 | J52: 10 | K52: 100.2076 | M52: 1 | N52: 66.4828 | R52: 1 | S52: 59.5 | W52: 2 | X52: 64.8064 | AB52: 49 | AC52: 99.5217 | AD52: 103 | AE52: 29.6087 | AG52: entire | AL52: 10 | AM52: 76.4259 | AQ52: 5 | AR52: 66.1346 | AV52: 17 | AW52: 105.8136 | BA52: 1 | BB52: 60.4853 | BF52: 13 | BG52: 98.8103 | BK52: 1 | BL52: 55.6207 | BP52: 49 | BQ52: 94.2609 | BR52: 106 | BS52: 22.4348 | BU52: 1 | BV52: 55.197 | BZ52: 1 | CA52: 59.1077 | CE52: 4 | CF52: 58.7077 | CJ52: 49 | CK52: 66 | CL52: 104 | CM52: 25.6842 | CO52: 49 | CP52: 97.4211 | CQ52: 101 | CR52: 30 | CT52: 5 | CU52: 40.8462 | CY52: 10 | CZ52: 71.7692 | DD52: 8 | DE52: 68.25 | DI52: 12 | DJ52: 90.129 | DN52: 1 | DO52: 51.4
B53: 17 | C53: 53.52 | J53: 11 | K53: 103.7547 | M53: 2 | N53: 69 | R53: 2 | S53: 60.4268 | W53: 3 | X53: 70.2903 | AB53: 50 | AC53: 99.0435 | AD53: 104 | AE53: 28.6957 | AG53: 1609 | AL53: 11 | AM53: 78.537 | AQ53: 6 | AR53: 71.8269 | AV53: 18 | AW53: 105.678 | BA53: 2 | BB53: 64.7353 | BF53: 14 | BG53: 100.8448 | BK53: 2 | BL53: 58.3793 | BP53: 50 | BQ53: 94.6957 | BR53: 107 | BS53: 21.7826 | BU53: 2 | BV53: 58.2727 | BZ53: 2 | CA53: 61.6 | CE53: 5 | CF53: 61.2462 | CJ53: 50 | CK53: 65.7895 | CL53: 105 | CM53: 25.0526 | CO53: 50 | CP53: 97.7368 | CQ53: 102 | CR53: 27.7895 | CT53: 6 | CU53: 45.5962 | CY53: 11 | CZ53: 75.6538 | DD53: 9 | DE53: 72.3889 | DI53: 13 | DJ53: 90.4839 | DN53: 2 | DO53: 54.2667 | DS53: entire 1628
B54: 18 | C54: 57 | J54: 12 | K54: 108.8868 | M54: 3 | N54: 72.0172 | R54: 3 | S54: 62.0732 | W54: 4 | X54: 74.7903 | AB54: 51 | AC54: 98.4783 | AD54: 105 | AE54: 27.5652 | AG54: 0 | AH54: 39.7818 | AL54: 12 | AM54: 82.6111 | AQ54: 7 | AR54: 76.3846 | AV54: 19 | AW54: 105.9492 | BA54: 3 | BB54: 67.7059 | BF54: 15 | BG54: 102.7241 | BK54: 3 | BL54: 61.1034 | BP54: 51 | BQ54: 95.8261 | BR54: 108 | BS54: 21.2174 | BU54: 3 | BV54: 61.4394 | BZ54: 3 | CA54: 64.5077 | CE54: 6 | CF54: 63.4615 | CJ54: 51 | CK54: 65.3684 | CL54: 106 | CM54: 24.3158 | CO54: 51 | CP54: 96.1579 | CQ54: 103 | CR54: 25.7368 | CT54: 7 | CU54: 52.2115 | CY54: 12 | CZ54: 78.5385 | DD54: 10 | DE54: 76.3889 | DI54: 14 | DJ54: 93.2903 | DN54: 3 | DO54: 57.0133 | DS54: 0 | DT54: 34.2812
B55: 19 | C55: 60.8 | J55: 13 | K55: 114.0755 | M55: 4 | N55: 74.9655 | R55: 4 | S55: 66.6585 | W55: 5 | X55: 78.3064 | AB55: 52 | AC55: 97.8261 | AD55: 106 | AE55: 26.087 | AG55: 1 | AH55: 41.4 | AL55: 13 | AM55: 88.8889 | AQ55: 8 | AR55: 81.5 | AV55: 20 | AW55: 106.0339 | BA55: 4 | BB55: 68.7353 | BF55: 16 | BG55: 104.3103 | BK55: 4 | BL55: 63.6724 | BP55: 52 | BQ55: 96.5652 | BR55: 109 | BS55: 20.6522 | BU55: 4 | BV55: 64.5909 | BZ55: 4 | CA55: 67.3231 | CE55: 7 | CF55: 66.6154 | CJ55: 52 | CK55: 65.1579 | CL55: 107 | CM55: 23.6842 | CT55: 8 | CU55: 59.9808 | CY55: 13 | CZ55: 83.5385 | DD55: 11 | DE55: 79.75 | DI55: 15 | DJ55: 95.7581 | DN55: 4 | DO55: 59.6667 | DS55: 1 | DT55: 35.1458
B56: 20 | C56: 63.84 | J56: 14 | K56: 117.1509 | M56: 5 | N56: 80.5517 | R56: 5 | S56: 72.3537 | W56: 6 | X56: 81.3064 | AB56: 53 | AC56: 97.8696 | AD56: 107 | AE56: 24.8696 | AG56: 2 | AH56: 42.3636 | AL56: 14 | AM56: 95.1481 | AQ56: 9 | AR56: 87.4038 | AV56: 21 | AW56: 105.8983 | BA56: 5 | BB56: 73.2353 | BF56: 17 | BG56: 105.6207 | BK56: 5 | BL56: 66.2931 | BP56: 53 | BQ56: 96.6957 | BR56: 110 | BS56: 19.7826 | BU56: 5 | BV56: 68.0758 | BZ56: 5 | CA56: 71.2308 | CE56: 8 | CF56: 69.8154 | CJ56: 53 | CK56: 64.6842 | CL56: 108 | CM56: 22.5263 | CO56: entire 1622 | CT56: 9 | CU56: 67.3269 | CY56: 14 | CZ56: 91.3269 | DD56: 12 | DE56: 82.5139 | DI56: 16 | DJ56: 97.0484 | DN56: 5 | DO56: 62.0933 | DS56: 2 | DT56: 36.3646
B57: 21 | C57: 65.76 | J57: 15 | K57: 117.9434 | M57: 6 | N57: 86.1552 | R57: 6 | S57: 78.1219 | W57: 7 | X57: 83.9677 | AG57: 3 | AH57: 43.6909 | AL57: 15 | AM57: 98.7037 | AQ57: 10 | AR57: 91.4038 | AV57: 22 | AW57: 105.8475 | BA57: 6 | BB57: 79.4412 | BF57: 18 | BG57: 106.7414 | BK57: 6 | BL57: 69.9655 | BP57: 54 | BQ57: 96.913 | BR57: 111 | BS57: 19.4783 | BU57: 6 | BV57: 72.6212 | BZ57: 6 | CA57: 76.2308 | CE57: 9 | CF57: 72.7846 | CJ57: 54 | CK57: 63.8947 | CL57: 109 | CM57: 21.8421 | CO57: 0 | CP57: 61.4186 | CT57: 10 | CU57: 73.3462 | CY57: 15 | CZ57: 98.4615 | DD57: 13 | DE57: 84.5 | DI57: 17 | DJ57: 98.7419 | DN57: 6 | DO57: 64.1467 | DS57: 3 | DT57: 38.1562
B58: 22 | C58: 66.56 | J58: 16 | K58: 117.4151 | M58: 7 | N58: 90.2759 | R58: 7 | S58: 83.8415 | W58: 8 | X58: 86.0323 | AB58: entire | AG58: 4 | AH58: 45.1273 | AL58: 16 | AM58: 99.7407 | AQ58: 11 | AR58: 93.1154 | AV58: 23 | AW58: 105.661 | BA58: 7 | BB58: 85.1912 | BF58: 19 | BG58: 107.2241 | BK58: 7 | BL58: 73.7241 | BP58: 55 | BQ58: 97.5652 | BR58: 112 | BS58: 18.913 | BU58: 7 | BV58: 78.303 | BZ58: 7 | CA58: 81.6 | CE58: 10 | CF58: 75.8462 | CO58: 1 | CP58: 62.2209 | CT58: 11 | CU58: 78.3269 | CY58: 16 | CZ58: 101.4038 | DD58: 14 | DE58: 84.8472 | DI58: 18 | DJ58: 100.0968 | DN58: 7 | DO58: 66.7467 | DS58: 4 | DT58: 40.4271
B59: 23 | C59: 66.48 | J59: 17 | K59: 116.8679 | M59: 8 | N59: 93.0172 | R59: 8 | S59: 86.7317 | W59: 9 | X59: 89.4839 | AB59: 1608 | AG59: 5 | AH59: 47.6 | AL59: 17 | AM59: 102.2593 | AQ59: 12 | AR59: 95.9423 | AV59: 24 | AW59: 105.5085 | BA59: 8 | BB59: 89.7794 | BF59: 20 | BG59: 107.0172 | BK59: 8 | BL59: 76.0517 | BP59: 56 | BQ59: 97.913 | BR59: 113 | BS59: 18.3478 | BU59: 8 | BV59: 83.8636 | BZ59: 8 | CA59: 85.0923 | CE59: 11 | CF59: 79.3077 | CJ59: entire 1621 | CO59: 2 | CP59: 63.1047 | CT59: 12 | CU59: 82.0385 | CY59: 17 | CZ59: 102.75 | DD59: 15 | DE59: 85.3056 | DI59: 19 | DJ59: 102.5645 | DN59: 8 | DO59: 70.96 | DS59: 5 | DT59: 43.0625
B60: 24 | C60: 67 | J60: 18 | K60: 116.3208 | M60: 9 | N60: 96.3621 | R60: 9 | S60: 89.7805 | W60: 10 | X60: 95 | AB60: 0 | AC60: 79.8936 | AG60: 6 | AH60: 51.0545 | AL60: 18 | AM60: 103.6296 | AQ60: 13 | AR60: 99.25 | AV60: 25 | AW60: 105.4068 | BA60: 9 | BB60: 93.7941 | BF60: 21 | BG60: 106.8966 | BK60: 9 | BL60: 78.9655 | BU60: 9 | BV60: 88.0909 | BZ60: 9 | CA60: 87.8462 | CE60: 12 | CF60: 83.1846 | CJ60: 0 | CK60: 39.4811 | CO60: 3 | CP60: 64.1279 | CT60: 13 | CU60: 84.8462 | CY60: 18 | CZ60: 104.0385 | DD60: 16 | DE60: 86.8194 | DI60: 20 | DJ60: 104.2903 | DN60: 9 | DO60: 75.8933 | DS60: 6 | DT60: 45.4688
B61: 25 | C61: 68.64 | J61: 19 | K61: 116.0566 | M61: 10 | N61: 98.8966 | R61: 10 | S61: 93.9268 | W61: 11 | X61: 99.6936 | AB61: 1 | AC61: 92.3404 | AG61: 7 | AH61: 54.4727 | AL61: 19 | AM61: 103.2037 | AQ61: 14 | AR61: 101.6346 | AV61: 26 | AW61: 105.5763 | BA61: 10 | BB61: 98.3676 | BF61: 22 | BG61: 106.3793 | BK61: 10 | BL61: 82.1897 | BP61: entire 1617 | BU61: 10 | BV61: 91.5758 | BZ61: 10 | CA61: 91.6 | CE61: 13 | CF61: 85.7077 | CJ61: 1 | CK61: 40.6226 | CO61: 4 | CP61: 65.3023 | CT61: 14 | CU61: 87.5385 | CY61: 19 | CZ61: 102.6154 | DD61: 17 | DE61: 89.2083 | DI61: 21 | DJ61: 105.129 | DN61: 10 | DO61: 78.8133 | DS61: 7 | DT61: 47.1042
B62: 26 | C62: 70.64 | J62: 20 | K62: 116.0189 | M62: 11 | N62: 102.5345 | R62: 11 | S62: 97.5732 | W62: 12 | X62: 101.9516 | AB62: 2 | AC62: 100.5106 | AG62: 8 | AH62: 56.1273 | AL62: 20 | AM62: 101.2407 | AQ62: 15 | AR62: 104.5577 | AV62: 27 | AW62: 105.5593 | BA62: 11 | BB62: 101.5 | BF62: 23 | BG62: 106.3966 | BK62: 11 | BL62: 84.431 | BU62: 11 | BV62: 94.5303 | BZ62: 11 | CA62: 95.3846 | CE62: 14 | CF62: 87.5077 | CJ62: 2 | CK62: 41.9057 | CO62: 5 | CP62: 66.8953 | CT62: 15 | CU62: 89.9615 | CY62: 20 | CZ62: 100.2885 | DD62: 18 | DE62: 92.9444 | DI62: 22 | DJ62: 106.3226 | DN62: 11 | DO62: 80.6133 | DS62: 8 | DT62: 49.0312
B63: 27 | C63: 70.24 | J63: 21 | K63: 116.2642 | M63: 12 | N63: 106.1207 | R63: 12 | S63: 100.5976 | W63: 13 | X63: 102.9677 | AB63: 3 | AC63: 104.0851 | AG63: 9 | AH63: 57.4545 | AL63: 21 | AM63: 99.2222 | AQ63: 16 | AR63: 107 | AV63: 28 | AW63: 106.5085 | BA63: 12 | BB63: 103.1176 | BF63: 24 | BG63: 106.7931 | BK63: 12 | BL63: 86.569 | BP63: 0 | BQ63: 48.1831 | BU63: 12 | BV63: 96.4545 | BZ63: 12 | CA63: 99.1538 | CE63: 15 | CF63: 89.8154 | CJ63: 3 | CK63: 43.5943 | CO63: 6 | CP63: 68.3023 | CT63: 16 | CU63: 93.0962 | CY63: 21 | CZ63: 99.6154 | DD63: 19 | DE63: 97.7083 | DI63: 23 | DJ63: 107.6452 | DN63: 12 | DO63: 82.2 | DS63: 9 | DT63: 53.9479
B64: 28 | C64: 69.16 | J64: 22 | K64: 115.6604 | M64: 13 | N64: 105.8793 | R64: 13 | S64: 103.3902 | W64: 14 | X64: 102.4677 | AB64: 4 | AC64: 102.7872 | AG64: 10 | AH64: 61.0364 | AL64: 22 | AM64: 97.9259 | AQ64: 17 | AR64: 107.6731 | AV64: 29 | AW64: 107.4068 | BA64: 13 | BB64: 103.7941 | BF64: 25 | BG64: 106.6724 | BK64: 13 | BL64: 90.3276 | BP64: 1 | BQ64: 51.7183 | BU64: 13 | BV64: 96.697 | BZ64: 13 | CA64: 102.2308 | CE64: 16 | CF64: 93.8154 | CJ64: 4 | CK64: 45.4434 | CO64: 7 | CP64: 72.1628 | CT64: 17 | CU64: 97.1538 | CY64: 22 | CZ64: 99.3462 | DD64: 20 | DE64: 101.4861 | DI64: 24 | DJ64: 109.3387 | DN64: 13 | DO64: 85.0533 | DS64: 10 | DT64: 60.5833
B65: 29 | C65: 71.32 | J65: 23 | K65: 114.6038 | M65: 14 | N65: 103.6034 | R65: 14 | S65: 104.2927 | W65: 15 | X65: 102.4355 | AB65: 5 | AC65: 98 | AG65: 11 | AH65: 66.2727 | AL65: 23 | AM65: 98.5 | AQ65: 18 | AR65: 107.9423 | AV65: 30 | AW65: 107.678 | BA65: 14 | BB65: 103.8088 | BF65: 26 | BG65: 106.9655 | BK65: 14 | BL65: 94.2414 | BP65: 2 | BQ65: 54.8873 | BU65: 14 | BV65: 97.0455 | BZ65: 14 | CA65: 103.2308 | CE65: 17 | CF65: 97.2462 | CJ65: 5 | CK65: 47.3396 | CO65: 8 | CP65: 78.3953 | CT65: 18 | CU65: 100.4808 | CY65: 23 | CZ65: 99.6923 | DD65: 21 | DE65: 103.4444 | DI65: 25 | DJ65: 110.1774 | DN65: 14 | DO65: 88.4933 | DS65: 11 | DT65: 66.0521
B66: 30 | C66: 74.08 | J66: 24 | K66: 113.9245 | M66: 15 | N66: 103.4828 | R66: 15 | S66: 103.6585 | W66: 16 | X66: 103.1936 | AB66: 6 | AC66: 95.2128 | AG66: 12 | AH66: 71.3091 | AL66: 24 | AM66: 100.0741 | AQ66: 19 | AR66: 107.4038 | AV66: 31 | AW66: 107.1864 | BA66: 15 | BB66: 103.1912 | BF66: 27 | BG66: 106.8276 | BK66: 15 | BL66: 95.569 | BP66: 3 | BQ66: 58.2535 | BU66: 15 | BV66: 99.0303 | BZ66: 15 | CA66: 104.4769 | CE66: 18 | CF66: 99.6923 | CJ66: 6 | CK66: 49.4811 | CO66: 9 | CP66: 82.4419 | CT66: 19 | CU66: 102.4423 | CY66: 24 | CZ66: 100.8077 | DD66: 22 | DE66: 103.8889 | DI66: 26 | DJ66: 110.7097 | DN66: 15 | DO66: 91.84 | DS66: 12 | DT66: 70.7188
B67: 31 | C67: 75.56 | J67: 25 | K67: 114.0755 | M67: 16 | N67: 104.8621 | R67: 16 | S67: 103.3659 | W67: 17 | X67: 105.0484 | AB67: 7 | AC67: 97.2553 | AG67: 13 | AH67: 74.7455 | AL67: 25 | AM67: 100.7963 | AQ67: 20 | AR67: 107.6731 | AV67: 32 | AW67: 105.4915 | BA67: 16 | BB67: 102.7794 | BF67: 28 | BG67: 106 | BK67: 16 | BL67: 96.7069 | BP67: 4 | BQ67: 60.8873 | BU67: 16 | BV67: 102.3182 | BZ67: 16 | CA67: 106.3538 | CE67: 19 | CF67: 100.5077 | CJ67: 7 | CK67: 51.8019 | CO67: 10 | CP67: 84.3023 | CT67: 20 | CU67: 104.1154 | CY67: 25 | CZ67: 102.1346 | DD67: 23 | DE67: 103.25 | DI67: 27 | DJ67: 110.9839 | DN67: 16 | DO67: 95.6667 | DS67: 13 | DT67: 74.3542
B68: 32 | C68: 79.32 | J68: 26 | K68: 114.6038 | M68: 17 | N68: 107.931 | R68: 17 | S68: 103.8902 | W68: 18 | X68: 107.6129 | AB68: 8 | AC68: 102.2979 | AG68: 14 | AH68: 79.2545 | AL68: 26 | AM68: 101.0185 | AQ68: 21 | AR68: 107.5962 | AV68: 33 | AW68: 103.7627 | BA68: 17 | BB68: 102.3676 | BF68: 29 | BG68: 104.7414 | BK68: 17 | BL68: 99.8793 | BP68: 5 | BQ68: 62.8732 | BU68: 17 | BV68: 105.5758 | BZ68: 17 | CA68: 108.5385 | CE68: 20 | CF68: 101.1385 | CJ68: 8 | CK68: 53.8302 | CO68: 11 | CP68: 86.5814 | CT68: 21 | CU68: 105.5962 | CY68: 26 | CZ68: 102.5385 | DD68: 24 | DE68: 102.5278 | DI68: 28 | DJ68: 110.8387 | DN68: 17 | DO68: 99.92 | DS68: 14 | DT68: 76.9792
B69: 33 | C69: 85.16 | J69: 27 | K69: 114.3962 | M69: 18 | N69: 112.3276 | R69: 18 | S69: 104.2805 | W69: 19 | X69: 109.129 | AB69: 9 | AC69: 106.234 | AG69: 15 | AH69: 84.4909 | AL69: 27 | AM69: 101.1852 | AQ69: 22 | AR69: 106.4231 | AV69: 34 | AW69: 102.2203 | BA69: 18 | BB69: 102.5588 | BF69: 30 | BG69: 103.431 | BK69: 18 | BL69: 103.931 | BP69: 6 | BQ69: 65.1831 | BU69: 18 | BV69: 108.0303 | BZ69: 18 | CA69: 110.0154 | CE69: 21 | CF69: 101.8154 | CJ69: 9 | CK69: 55.4434 | CO69: 12 | CP69: 89.7674 | CT69: 22 | CU69: 105.8462 | CY69: 27 | CZ69: 102.1346 | DD69: 25 | DE69: 102.0972 | DI69: 29 | DJ69: 111.1452 | DN69: 18 | DO69: 103.5467 | DS69: 15 | DT69: 79.9375
B70: 34 | C70: 91.08 | J70: 28 | K70: 114.1509 | M70: 19 | N70: 116.2759 | R70: 19 | S70: 104.5488 | W70: 20 | X70: 107.8226 | AB70: 10 | AC70: 107.2766 | AG70: 16 | AH70: 89.2545 | AL70: 28 | AM70: 100.7037 | AQ70: 23 | AR70: 105.7692 | AV70: 35 | AW70: 100.4746 | BA70: 19 | BB70: 103.1471 | BF70: 31 | BG70: 102.5862 | BK70: 19 | BL70: 107.8793 | BP70: 7 | BQ70: 67.5634 | BU70: 19 | BV70: 109.9848 | BZ70: 19 | CA70: 111.1385 | CE70: 22 | CF70: 102.6154 | CJ70: 10 | CK70: 56.9057 | CO70: 13 | CP70: 91.0233 | CT70: 23 | CU70: 106.0192 | CY70: 28 | CZ70: 102.8654 | DD70: 26 | DE70: 102.3472 | DI70: 30 | DJ70: 111.4032 | DN70: 19 | DO70: 105.48 | DS70: 16 | DT70: 82.6875
B71: 35 | C71: 95.52 | J71: 29 | K71: 114.1887 | M71: 20 | N71: 118.2759 | R71: 20 | S71: 105.1829 | W71: 21 | X71: 106.1129 | AB71: 11 | AC71: 106.3404 | AG71: 17 | AH71: 92.5636 | AL71: 29 | AM71: 100.3519 | AQ71: 24 | AR71: 105.3846 | AV71: 36 | AW71: 98.6949 | BA71: 20 | BB71: 104.1324 | BF71: 32 | BG71: 101.1724 | BK71: 20 | BL71: 110.7241 | BP71: 8 | BQ71: 71.0986 | BU71: 20 | BV71: 111.8182 | BZ71: 20 | CA71: 111.9846 | CE71: 23 | CF71: 104.4308 | CJ71: 11 | CK71: 58.3774 | CO71: 14 | CP71: 90.4767 | CT71: 24 | CU71: 106.6346 | CY71: 29 | CZ71: 102.8077 | DD71: 27 | DE71: 102.8056 | DI71: 31 | DJ71: 110.9839 | DN71: 20 | DO71: 105.76 | DS71: 17 | DT71: 84.7083
B72: 36 | C72: 97.92 | J72: 30 | K72: 114.434 | M72: 21 | N72: 118.5345 | R72: 21 | S72: 106.1951 | W72: 22 | X72: 105.2903 | AB72: 12 | AC72: 105.6383 | AG72: 18 | AH72: 94.2727 | AL72: 30 | AM72: 99.8148 | AQ72: 25 | AR72: 104.8846 | AV72: 37 | AW72: 96.7966 | BA72: 21 | BB72: 105.6471 | BF72: 33 | BG72: 98.4138 | BK72: 21 | BL72: 112.569 | BP72: 9 | BQ72: 73.1549 | BU72: 21 | BV72: 113.303 | BZ72: 21 | CA72: 111.8462 | CE72: 24 | CF72: 106.5231 | CJ72: 12 | CK72: 59.8491 | CO72: 15 | CP72: 90.5116 | CT72: 25 | CU72: 108.1346 | CY72: 30 | CZ72: 100.6731 | DD72: 28 | DE72: 103.2222 | DI72: 32 | DJ72: 110.3387 | DN72: 21 | DO72: 105.72 | DS72: 18 | DT72: 85.5521
B73: 37 | C73: 99.92 | J73: 31 | K73: 114.8868 | M73: 22 | N73: 117.9828 | R73: 22 | S73: 107.2927 | W73: 23 | X73: 104.1613 | AB73: 13 | AC73: 107.1064 | AG73: 19 | AH73: 95.1636 | AL73: 31 | AM73: 99.037 | AQ73: 26 | AR73: 102.6731 | AV73: 38 | AW73: 94.1864 | BA73: 22 | BB73: 107.6471 | BF73: 34 | BG73: 95.2414 | BK73: 22 | BL73: 113.069 | BP73: 10 | BQ73: 74.3239 | BU73: 22 | BV73: 114.5758 | BZ73: 22 | CA73: 110.9692 | CE73: 25 | CF73: 107.9692 | CJ73: 13 | CK73: 61.3868 | CO73: 16 | CP73: 92.1047 | CT73: 26 | CU73: 110.7692 | CY73: 31 | CZ73: 98.0769 | DD73: 29 | DE73: 103.7083 | DI73: 33 | DJ73: 109.2903 | DN73: 22 | DO73: 105.2 | DS73: 19 | DT73: 85.6771
B74: 38 | C74: 101.8 | J74: 32 | K74: 114.8302 | M74: 23 | N74: 117.5172 | R74: 23 | S74: 108.061 | W74: 24 | X74: 101.6452 | AB74: 14 | AC74: 110.6809 | AG74: 20 | AH74: 96.2727 | AL74: 32 | AM74: 99.2407 | AQ74: 27 | AR74: 98.9038 | AV74: 39 | AW74: 91.5424 | BA74: 23 | BB74: 110.4559 | BF74: 35 | BG74: 93.3621 | BK74: 23 | BL74: 112.7931 | BP74: 11 | BQ74: 76.0563 | BU74: 23 | BV74: 114.8485 | BZ74: 23 | CA74: 110.5077 | CE74: 26 | CF74: 109.2308 | CJ74: 14 | CK74: 63.1604 | CO74: 17 | CP74: 93.1279 | CT74: 27 | CU74: 112.9615 | CY74: 32 | CZ74: 97.5769 | DD74: 30 | DE74: 103.7917 | DI74: 34 | DJ74: 108.4032 | DN74: 23 | DO74: 105.5067 | DS74: 20 | DT74: 85.6667
... B84: 48 | C84: 96.4 | J84: 42 | K84: 84.1887 | M84: 33 | N84: 113.5517 | R84: 33 | S84: 108.8902 | W84: 34 | X84: 80.5806 | AB84: 24 | AC84: 118 | AG84: 30 | AH84: 105.2545 | AL84: 42 | AM84: 78.2778 | AQ84: 37 | AR84: 43.0769 | AV84: 49 | AW84: 50.7966 | BA84: 33 | BB84: 108.5294 | BF84: 45 | BG84: 61.1724 | BK84: 33 | BL84: 119.8621 | BP84: 21 | BQ84: 101.169 | BU84: 33 | BV84: 115.5909 | BZ84: 33 | CA84: 120.2923 | CE84: 36 | CF84: 105.4 | CJ84: 24 | CK84: 81.7358 | CO84: 27 | CP84: 103.593 | CT84: 37 | CU84: 97 | CY84: 42 | CZ84: 63.4615 | DD84: 40 | DE84: 92.375 | DI84: 44 | DJ84: 89.7258 | DN84: 33 | DO84: 111.3467 | DS84: 30 | DT84: 85.1146
B85: 49 | C85: 97.32 | D85: =AVERAGE(B85:B133) -> 73 | E85: =AVERAGE(C85:C133) -> 69.40898 | J85: 43 | K85: 79.1698 | M85: 34 | N85: 112.0345 | R85: 34 | S85: 108.9512 | W85: 35 | X85: 74.1129 | AB85: 25 | AC85: 118.2553 | AG85: 31 | AH85: 106.4909 | AL85: 43 | AM85: 76.5 | AQ85: 38 | AR85: 40.2308 | BA85: 34 | BB85: 107.7794 | BF85: 46 | BG85: 55.8966 | BK85: 34 | BL85: 119.8276 | BP85: 22 | BQ85: 103.2817 | BU85: 34 | BV85: 114.0606 | BZ85: 34 | CA85: 116.6615 | CE85: 37 | CF85: 103.9692 | CJ85: 25 | CK85: 83.6981 | CO85: 28 | CP85: 103.8372 | CT85: 38 | CU85: 94.9038 | CY85: 43 | CZ85: 56.7692 | DD85: 41 | DE85: 90.1944 | DI85: 45 | DJ85: 84.7742 | DN85: 34 | DO85: 111.08 | DS85: 31 | DT85: 85.3229
B86: 50 | C86: 98.4 | J86: 44 | K86: 73.8113 | M86: 35 | N86: 109.3621 | R86: 35 | S86: 109.6951 | W86: 36 | X86: 67.0806 | AB86: 26 | AC86: 117.6383 | AG86: 32 | AH86: 107.9091 | AL86: 44 | AM86: 73.6852 | AQ86: 39 | AR86: 37.9231 | BA86: 35 | BB86: 107.1618 | BF86: 47 | BG86: 51.3621 | BK86: 35 | BL86: 119.1207 | BP86: 23 | BQ86: 106.3099 | BU86: 35 | BV86: 111.6212 | BZ86: 35 | CA86: 114.4923 | CE86: 38 | CF86: 102.5231 | CJ86: 26 | CK86: 85.6509 | CO86: 29 | CP86: 104.1279 | CT86: 39 | CU86: 88.3846 | CY86: 44 | CZ86: 53.0192 | DD86: 42 | DE86: 88.4722 | DI86: 46 | DJ86: 81.0968 | DN86: 35 | DO86: 110.7867 | DS86: 32 | DT86: 85.4688
B87: 51 | C87: 98.64 | J87: 45 | K87: 67.0943 | M87: 36 | N87: 107.4138 | R87: 36 | S87: 109.0122 | W87: 37 | X87: 61.5968 | AB87: 27 | AC87: 116.1915 | AG87: 33 | AH87: 108.2727 | AL87: 45 | AM87: 68.4444 | BA87: 36 | BB87: 106.25 | BK87: 36 | BL87: 118.1552 | BP87: 24 | BQ87: 109.0423 | BU87: 36 | BV87: 109.3939 | BZ87: 36 | CA87: 113.8154 | CE87: 39 | CF87: 100.6 | CJ87: 27 | CK87: 87.3113 | CO87: 30 | CP87: 104.0698 | CT87: 40 | CU87: 78.3077 | CY87: 45 | CZ87: 49.6538 | DD87: 43 | DE87: 87.9028 | DI87: 47 | DJ87: 80.0484 | DN87: 36 | DO87: 110.68 | DS87: 33 | DT87: 85.0521
B88: 52 | C88: 97.96 | J88: 46 | K88: 59.3774 | M88: 37 | N88: 106.6034 | R88: 37 | S88: 107.6341 | W88: 38 | X88: 57.0161 | AB88: 28 | AC88: 114.2979 | AG88: 34 | AH88: 107.6364 | AL88: 46 | AM88: 62.8148 | BA88: 37 | BB88: 105.3529 | BK88: 37 | BL88: 117.4483 | BP88: 25 | BQ88: 111.0704 | BU88: 37 | BV88: 107.7879 | BZ88: 37 | CA88: 113.5077 | CE88: 40 | CF88: 98.5538 | CJ88: 28 | CK88: 88.7547 | CO88: 31 | CP88: 104.3837 | CT88: 41 | CU88: 71.4038 | CY88: 46 | CZ88: 46.6538 | DD88: 44 | DE88: 86.5833 | DI88: 48 | DJ88: 78.6613 | DN88: 37 | DO88: 110.92 | DS88: 34 | DT88: 84.0312
B89: 53 | C89: 98.12 | J89: 47 | K89: 54.1698 | M89: 38 | N89: 102.4138 | R89: 38 | S89: 106.5488 | W89: 39 | X89: 53.2258 | AB89: 29 | AC89: 112.4468 | AG89: 35 | AH89: 105.7636 | AL89: 47 | AM89: 57.2407 | BA89: 38 | BB89: 104.5735 | BK89: 38 | BL89: 115.2069 | BP89: 26 | BQ89: 112.1268 | BU89: 38 | BV89: 106.5758 | BZ89: 38 | CA89: 113.0462 | CE89: 41 | CF89: 97.4 | CJ89: 29 | CK89: 89.9151 | CO89: 32 | CP89: 105.1047 | CT89: 42 | CU89: 66.9615 | CY89: 47 | CZ89: 43.8462 | DD89: 45 | DE89: 84.2083 | DI89: 49 | DJ89: 75.0645 | DN89: 38 | DO89: 110.8267 | DS89: 35 | DT89: 83.0729
B90: 54 | C90: 98.96 | M90: 39 | N90: 96.2069 | R90: 39 | S90: 105.9878 | W90: 40 | X90: 50.5484 | AB90: 30 | AC90: 110.2979 | AG90: 36 | AH90: 102.6182 | AL90: 48 | AM90: 50.5741 | BA90: 39 | BB90: 103.3088 | BK90: 39 | BL90: 111.3448 | BP90: 27 | BQ90: 111.4084 | BU90: 39 | BV90: 106.1667 | BZ90: 39 | CA90: 112.8 | CE90: 42 | CF90: 96.6923 | CJ90: 30 | CK90: 90.566 | CO90: 33 | CP90: 105.7442 | CT90: 43 | CU90: 62.5769 | CY90: 48 | CZ90: 41.2692 | DD90: 46 | DE90: 80.5556 | DI90: 50 | DJ90: 71.4839 | DN90: 39 | DO90: 110.44 | DS90: 36 | DT90: 82.0625
B91: 55 | C91: 99.28 | M91: 40 | N91: 91.8276 | R91: 40 | S91: 105.3049 | W91: 41 | X91: 49.7419 | AB91: 31 | AC91: 108.617 | AG91: 37 | AH91: 99.9091 | AL91: 49 | AM91: 45.3889 | BA91: 40 | BB91: 102.0735 | BK91: 40 | BL91: 107.931 | BP91: 28 | BQ91: 110.8451 | BU91: 40 | BV91: 105.803 | BZ91: 40 | CA91: 112.6615 | CE91: 43 | CF91: 95.7846 | CJ91: 31 | CK91: 91.1132 | CO91: 34 | CP91: 105.1163 | CT91: 44 | CU91: 58.5769 | CY91: 49 | CZ91: 38.7115 | DD91: 47 | DE91: 76.6111 | DI91: 51 | DJ91: 68.9677 | DN91: 40 | DO91: 110.04 | DS91: 37 | DT91: 81
B92: 56 | C92: 98.04 | M92: 41 | N92: 87.7759 | R92: 41 | S92: 103.4146 | AB92: 32 | AC92: 108.5319 | AG92: 38 | AH92: 98.9273 | BA92: 41 | BB92: 100.8382 | BK92: 41 | BL92: 105.3276 | BP92: 29 | BQ92: 110.6761 | BU92: 41 | BV92: 104.4091 | BZ92: 41 | CA92: 112.3385 | CE92: 44 | CF92: 93.7846 | CJ92: 32 | CK92: 91.4811 | CO92: 35 | CP92: 103.9767 | CT92: 45 | CU92: 54.8462 | CY92: 50 | CZ92: 35.7692 | DD92: 48 | DE92: 71.5833 | DI92: 52 | DJ92: 66.129 | DN92: 41 | DO92: 110.0133 | DS92: 38 | DT92: 80
B93: 57 | C93: 95.96 | M93: 42 | N93: 83.7759 | R93: 42 | S93: 99.7927 | AB93: 33 | AC93: 109.8085 | AG93: 39 | AH93: 98.5273 | BA93: 42 | BB93: 99.6324 | BK93: 42 | BL93: 102.3793 | BP93: 30 | BQ93: 110.2535 | BU93: 42 | BV93: 102.4242 | BZ93: 42 | CA93: 112.5231 | CE93: 45 | CF93: 91.0769 | CJ93: 33 | CK93: 91.3774 | CO93: 36 | CP93: 102.7558 | CT93: 46 | CU93: 51.6154 | CY93: 51 | CZ93: 33.0577 | DD93: 49 | DE93: 65.6111 | DI93: 53 | DJ93: 62.0323 | DN93: 42 | DO93: 109.3467 | DS93: 39 | DT93: 78.9062
B94: 58 | C94: 95.36 | M94: 43 | N94: 81.2241 | R94: 43 | S94: 94.1829 | AB94: 34 | AC94: 110.7447 | AG94: 40 | AH94: 98.4182 | BA94: 43 | BB94: 97.9265 | BK94: 43 | BL94: 98.0345 | BP94: 31 | BQ94: 110.6479 | BU94: 43 | BV94: 100.1364 | BZ94: 43 | CA94: 111.7846 | CE94: 46 | CF94: 89.0923 | CJ94: 34 | CK94: 91.1321 | CO94: 37 | CP94: 102.407 | CT94: 47 | CU94: 48.6731 | CY94: 52 | CZ94: 30.2308 | DD94: 50 | DE94: 60.6944 | DI94: 54 | DJ94: 56.5806 | DN94: 43 | DO94: 108.3733 | DS94: 40 | DT94: 76.6042
B95: 59 | C95: 95.24 | M95: 44 | N95: 80.3448 | R95: 44 | S95: 88.3171 | AB95: 35 | AC95: 110.1064 | AG95: 41 | AH95: 97.9818 | BA95: 44 | BB95: 95.7353 | BK95: 44 | BL95: 95.0517 | BP95: 32 | BQ95: 110.5916 | BU95: 44 | BV95: 98.0152 | BZ95: 44 | CA95: 109.6308 | CE95: 47 | CF95: 87.1231 | CJ95: 35 | CK95: 90.7453 | CO95: 38 | CP95: 102.5581 | CT95: 48 | CU95: 45.2692 | DD95: 51 | DE95: 57.5694 | DI95: 55 | DJ95: 50.5645 | DN95: 44 | DO95: 107.4267 | DS95: 41 | DT95: 72.7917
B96: 60 | C96: 94.68 | M96: 45 | N96: 77.7586 | R96: 45 | S96: 84.2073 | AB96: 36 | AC96: 108.4468 | AG96: 42 | AH96: 97.2545 | BA96: 45 | BB96: 93.1324 | BK96: 45 | BL96: 92.9655 | BP96: 33 | BQ96: 109.9296 | BU96: 45 | BV96: 95.1818 | BZ96: 45 | CA96: 107.7231 | CE96: 48 | CF96: 84.1846 | CJ96: 36 | CK96: 90.3113 | CO96: 39 | CP96: 102.3488 | CT96: 49 | CU96: 42.7885 | DD96: 52 | DE96: 56.25 | DI96: 56 | DJ96: 45.4516 | DN96: 45 | DO96: 107 | DS96: 42 | DT96: 69.9375
B97: 61 | C97: 93.24 | M97: 46 | N97: 76.3793 | R97: 46 | S97: 81.7317 | AB97: 37 | AC97: 107.0213 | AG97: 43 | AH97: 97 | BA97: 46 | BB97: 90.9706 | BK97: 46 | BL97: 91.0517 | BP97: 34 | BQ97: 109.6479 | BU97: 46 | BV97: 91.8182 | BZ97: 46 | CA97: 108.7385 | CE97: 49 | CF97: 81.6 | CJ97: 37 | CK97: 89.5849 | CO97: 40 | CP97: 102.6395 | CT97: 50 | CU97: 40.9038 | DD97: 53 | DE97: 56.6944 | DI97: 57 | DJ97: 40.0161 | DN97: 46 | DO97: 106.3867 | DS97: 43 | DT97: 68.5417
B98: 62 | C98: 91.4 | M98: 47 | N98: 76.6552 | R98: 47 | S98: 79 | AB98: 38 | AC98: 105.5957 | AG98: 44 | AH98: 96.4727 | BA98: 47 | BB98: 89.0147 | BK98: 47 | BL98: 90.4828 | BP98: 35 | BQ98: 110.0704 | BU98: 47 | BV98: 88 | BZ98: 47 | CA98: 112 | CE98: 50 | CF98: 79.4308 | CJ98: 38 | CK98: 89 | CO98: 41 | CP98: 103.1977 | CT98: 51 | CU98: 38.2692 | DD98: 54 | DE98: 57 | DI98: 58 | DJ98: 37.3387 | DN98: 47 | DO98: 105.5333 | DS98: 44 | DT98: 66.6354
B99: 63 | C99: 89.44 | M99: 48 | N99: 74.069 | R99: 48 | S99: 74.6463 | AB99: 39 | AC99: 103.8085 | AG99: 45 | AH99: 95.2909 | BA99: 48 | BB99: 86.4706 | BK99: 48 | BL99: 89.1379 | BP99: 36 | BQ99: 111.2253 | BU99: 48 | BV99: 83.0455 | BZ99: 48 | CA99: 112.9077 | CE99: 51 | CF99: 77.0308 | CJ99: 39 | CK99: 88.3491 | CO99: 42 | CP99: 103.2209 | DD99: 55 | DE99: 55.5278 | DI99: 59 | DJ99: 35.3387 | DN99: 48 | DO99: 104.08 | DS99: 45 | DT99: 61.4792
B100: 64 | C100: 88.48 | M100: 49 | N100: 68.8103 | R100: 49 | S100: 71.5366 | AB100: 40 | AC100: 100.4468 | AG100: 46 | AH100: 93.3636 | BA100: 49 | BB100: 83.3824 | BK100: 49 | BL100: 85.6034 | BP100: 37 | BQ100: 111.1831 | BU100: 49 | BV100: 78.303 | BZ100: 49 | CA100: 109.2462 | CE100: 52 | CF100: 73.8 | CJ100: 40 | CK100: 87.7453 | CO100: 43 | CP100: 102.2791 | DD100: 56 | DE100: 53.0694 | DN100: 49 | DO100: 102.4 | DS100: 46 | DT100: 54.5
B101: 65 | C101: 88.4 | R101: 50 | S101: 69.9146 | AB101: 41 | AC101: 96.8511 | AG101: 47 | AH101: 91.0182 | BA101: 50 | BB101: 79.6029 | BK101: 50 | BL101: 81.1552 | BP101: 38 | BQ101: 111.4084 | BU101: 50 | BV101: 75.3636 | BZ101: 50 | CA101: 103.4462 | CE101: 53 | CF101: 69.9692 | CJ101: 41 | CK101: 87.0849 | CO101: 44 | CP101: 100.2209 | DD101: 57 | DE101: 50.9444 | DN101: 50 | DO101: 101.08 | DS101: 47 | DT101: 48.2396
B102: 66 | C102: 87.84 | R102: 51 | S102: 66.4146 | AB102: 42 | AC102: 94.234 | AG102: 48 | AH102: 87.5273 | BA102: 51 | BB102: 76.0441 | BK102: 51 | BL102: 77.4828 | BP102: 39 | BQ102: 111.7606 | BU102: 51 | BV102: 72.6667 | BZ102: 51 | CA102: 98.3846 | CE102: 54 | CF102: 66.6 | CJ102: 42 | CK102: 86.4057 | CO102: 45 | CP102: 99.0581 | DD102: 58 | DE102: 49.5139 | DN102: 51 | DO102: 100.0933 | DS102: 48 | DT102: 45.1667
B103: 67 | C103: 85.48 | R103: 52 | S103: 61.2439 | AB103: 43 | AC103: 91.9149 | AG103: 49 | AH103: 83.6545 | BA103: 52 | BB103: 72.9412 | BK103: 52 | BL103: 73.8966 | BP103: 40 | BQ103: 111.7606 | BU103: 52 | BV103: 69.4848 | BZ103: 52 | CA103: 94.2923 | CE103: 55 | CF103: 64.1538 | CJ103: 43 | CK103: 85.1887 | CO103: 46 | CP103: 98.6279 | DD103: 59 | DE103: 48.6111 | DN103: 52 | DO103: 99.3867 | DS103: 49 | DT103: 44.3229
B104: 68 | C104: 81.56 | R104: 53 | S104: 57.0244 | AB104: 44 | AC104: 88.9362 | AG104: 50 | AH104: 79.9818 | BA104: 53 | BB104: 70.1324 | BK104: 53 | BL104: 69.7069 | BP104: 41 | BQ104: 110.9296 | BU104: 53 | BV104: 66.1061 | BZ104: 53 | CA104: 91.4923 | CE104: 56 | CF104: 60.9538 | CJ104: 44 | CK104: 83.7264 | CO104: 47 | CP104: 97.9419 | DD104: 60 | DE104: 48.0833 | DN104: 53 | DO104: 96.5467 | DS104: 50 | DT104: 43.8542
B105: 69 | C105: 77.72 | AB105: 45 | AC105: 85.4468 | AG105: 51 | AH105: 76.8364 | BA105: 54 | BB105: 66.6471 | BK105: 54 | BL105: 66.2069 | BP105: 42 | BQ105: 109.9437 | BU105: 54 | BV105: 63.5303 | BZ105: 54 | CA105: 91.1231 | CE105: 57 | CF105: 58.1077 | CJ105: 45 | CK105: 82.283 | CO105: 48 | CP105: 97.4419 | DD105: 61 | DE105: 48 | DN105: 54 | DO105: 93.8667
B106: 70 | C106: 74.92 | AB106: 46 | AC106: 81.5957 | AG106: 52 | AH106: 72.2727 | BA106: 55 | BB106: 62.7941 | BK106: 55 | BL106: 63.5345 | BP106: 43 | BQ106: 108.9577 | BU106: 55 | BV106: 61.9697 | BZ106: 55 | CA106: 91.2154 | CE106: 58 | CF106: 55.5692 | CJ106: 46 | CK106: 81.0566 | CO106: 49 | CP106: 94.8372 | DN106: 55 | DO106: 92.1067
B107: 71 | C107: 73.4 | AB107: 47 | AC107: 76.6809 | AG107: 53 | AH107: 66.3091 | BA107: 56 | BB107: 58.7059 | BK107: 56 | BL107: 61.0172 | BP107: 44 | BQ107: 108.3944 | BU107: 56 | BV107: 59.8485 | BZ107: 56 | CA107: 90.6462 | CE107: 59 | CF107: 53.8462 | CJ107: 47 | CK107: 80 | CO107: 50 | CP107: 91.314 | DN107: 56 | DO107: 90.6267
B108: 72 | C108: 72.12 | AB108: 48 | AC108: 71.3617 | AG108: 54 | AH108: 62.0909 | BP108: 45 | BQ108: 107.6338 | BU108: 57 | BV108: 56.8485 | BZ108: 57 | CA108: 89.4462 | CE108: 60 | CF108: 51.9385 | CJ108: 48 | CK108: 78.7453 | CO108: 51 | CP108: 88.686 | DN108: 57 | DO108: 88.3067
B109: 73 | C109: 71.68 | AB109: 49 | AC109: 67.4255 | AG109: 55 | AH109: 57.6364 | BP109: 46 | BQ109: 106.7324 | BU109: 58 | BV109: 53.5303 | BZ109: 58 | CA109: 86.0615 | CE109: 61 | CF109: 49.8615 | CJ109: 49 | CK109: 77.6132 | CO109: 52 | CP109: 86.8372 | DN109: 58 | DO109: 87.9467
B110: 74 | C110: 71.6 | AG110: 56 | AH110: 54.1455 | BP110: 47 | BQ110: 106.6479 | BZ110: 59 | CA110: 81.7846 | CE110: 62 | CF110: 48.3538 | CJ110: 50 | CK110: 76.3868 | CO110: 53 | CP110: 86.5814 | DN110: 59 | DO110: 87.4933
B111: 75 | C111: 71.52 | AG111: 57 | AH111: 51.6 | BP111: 48 | BQ111: 105.3662 | BZ111: 60 | CA111: 76.9692 | CE111: 63 | CF111: 46.1692 | CJ111: 51 | CK111: 75.1226 | CO111: 54 | CP111: 87.4884 | DN111: 60 | DO111: 85.6267
B112: 76 | C112: 70.4 | AG112: 58 | AH112: 48.5091 | BP112: 49 | BQ112: 104.8732 | BZ112: 61 | CA112: 72.1077 | CE112: 64 | CF112: 44.5692 | CJ112: 52 | CK112: 73.4151 | CO112: 55 | CP112: 88.2558 | DN112: 61 | DO112: 83.5333
B113: 77 | C113: 69.12 | AG113: 59 | AH113: 46.8 | BP113: 50 | BQ113: 105.6761 | BZ113: 62 | CA113: 68.2 | CJ113: 53 | CK113: 71.7264 | CO113: 56 | CP113: 90.7674 | DN113: 62 | DO113: 81
B114: 78 | C114: 66.2 | BP114: 51 | BQ114: 105.4366 | BZ114: 63 | CA114: 64.6923 | CJ114: 54 | CK114: 69.8302 | CO114: 57 | CP114: 93.2791 | DN114: 63 | DO114: 77.92
B115: 79 | C115: 61.88 | BP115: 52 | BQ115: 103.7747 | BZ115: 64 | CA115: 60.2923 | CJ115: 55 | CK115: 67.7358 | CO115: 58 | CP115: 92.9302 | DN115: 64 | DO115: 76.8533
B116: 80 | C116: 58.44 | BP116: 53 | BQ116: 100.9155 | BZ116: 65 | CA116: 57.1538 | CJ116: 56 | CK116: 66.1132 | CO116: 59 | CP116: 89.8721 | DN116: 65 | DO116: 73.5733
B117: 81 | C117: 56.44 | BP117: 54 | BQ117: 98.8592 | CJ117: 57 | CK117: 64.6698 | CO117: 60 | CP117: 84.2674 | DN117: 66 | DO117: 69.9733
B118: 82 | C118: 55.4 | BP118: 55 | BQ118: 97.4084 | CJ118: 58 | CK118: 63.1887 | CO118: 61 | CP118: 77.3256 | DN118: 67 | DO118: 68.8
B119: 83 | C119: 54.48 | BP119: 56 | BQ119: 97.5916 | CJ119: 59 | CK119: 61.5377 | CO119: 62 | CP119: 69.7442 | DN119: 68 | DO119: 69.04
B120: 84 | C120: 53.24 | BP120: 57 | BQ120: 98.5493 | CJ120: 60 | CK120: 59.5377 | CO120: 63 | CP120: 63.1047 | DN120: 69 | DO120: 68.1333
B121: 85 | C121: 52.2 | BP121: 58 | BQ121: 98.0141 | CJ121: 61 | CK121: 57.3962 | CO121: 64 | CP121: 57.8721 | DN121: 70 | DO121: 67.0933
B122: 86 | C122: 50.44 | BP122: 59 | BQ122: 95.7324 | CJ122: 62 | CK122: 54.7453 | CO122: 65 | CP122: 55.7093 | DN122: 71 | DO122: 65.1467
B123: 87 | C123: 46.92 | BP123: 60 | BQ123: 92.7747 | CJ123: 63 | CK123: 51.6792
B124: 88 | C124: 43.28 | BP124: 61 | BQ124: 86.8592 | CJ124: 64 | CK124: 48.283
...

Sheet Con_Analysis
B1: Bottom Cells | D1: R:L (SUMS) | E1: Bottom Cells | G1: Bottom Cells (stdev.s | I1: Entire Columella
A2: ID | B2: SUM RIGHT | C2: SUM LEFT | D2: Ratio | E2: AVG RIGHT | F2: AVG LEFT | G2: STD RIGHT | H2: STD LEFT | I2: SUM | J2: AVG | K2: STD
A3: 1603 | B3: =SUM('Raw Values_Con'!C3:C31) -> 2505.792 | C3: =SUM('Raw Values_Con'!E3:E31) -> 2829.8226 | D3: =B3/C3 -> 0.88549438 | E3: =AVERAGE('Raw Values_Con'!C3:C31) -> 86.406621 | F3: =AVERAGE('Raw Values_Con'!E3:E31) -> 97.58009 | G3: =_xlfn.STDEV.S('Raw Values_Con'!C3:C31) -> 15.227781 | H3: =_xlfn.STDEV.S('Raw Values_Con'!E3:E31) -> 11.260755 | I3: =SUM('Raw Values_Con'!$C$36:$C$133) -> 6562 | J3: =AVERAGE('Raw Values_Con'!$C$36:$C$133) -> 66.959184 | K3: =_xlfn.STDEV.S('Raw Values_Con'!$C$36:$C$133) -> 26.377027
A4: 1604 | B4: =SUM('Raw Values_Con'!I3:I37) -> 2488.75 | C4: =SUM('Raw Values_Con'!K3:K37) -> 2400.25 | D4: =B4/C4 -> 1.0368712 | E4: =AVERAGE('Raw Values_Con'!I3:I37) -> 71.107143 | F4: =AVERAGE('Raw Values_Con'!K3:K37) -> 68.578571 | G4: =_xlfn.STDEV.S('Raw Values_Con'!I3:I37) -> 23.901027 | H4: =_xlfn.STDEV.S('Raw Values_Con'!K3:K37) -> 21.463629 | I4: =SUM('Raw Values_Con'!K42:K89) -> 4750.5473 | J4: =AVERAGE('Raw Values_Con'!K42:K89) -> 98.969735 | K4: =_xlfn.STDEV.S('Raw Values_Con'!K42:K89) -> 19.831355
A5: 1605 | B5: =SUM('Raw Values_Con'!N4:N46) -> 3262.6 | C5: =SUM('Raw Values_Con'!P4:P46) -> 3019 | D5: =B5/C5 -> 1.080689 | E5: =AVERAGE('Raw Values_Con'!$N$4:$N$46) -> 75.874419 | F5: =AVERAGE('Raw Values_Con'!$P$4:$P$46) -> 70.209302 | G5: =_xlfn.STDEV.S('Raw Values_Con'!$N$4:$N$46) -> 26.691381 | H5: =_xlfn.STDEV.S('Raw Values_Con'!P4:P46) -> 26.415571 | I5: =SUM('Raw Values_Con'!$N$51:$N$100) -> 4902.1898 | J5: =AVERAGE('Raw Values_Con'!$N$51:$N$100) -> 98.043796 | K5: =_xlfn.STDEV.S('Raw Values_Con'!$N$51:$N$100) -> 16.887505
A6: 1606 | B6: =SUM('Raw Values_Con'!$S$4:$S$45) -> 2836.842 | C6: =SUM('Raw Values_Con'!$U$4:$U$45) -> 3125.3161 | D6: =B6/C6 -> 0.90769762 | E6: =AVERAGE('Raw Values_Con'!$S$4:$S$45) -> 67.543857 | F6: =AVERAGE('Raw Values_Con'!$U$4:$U$45) -> 74.412288 | G6: =_xlfn.STDEV.S('Raw Values_Con'!$S$4:$S$45) -> 22.677701 | H6: =_xlfn.STDEV.S('Raw Values_Con'!$U$4:$U$45) -> 28.477754 | I6: =SUM('Raw Values_Con'!$S$51:$S$104) -> 5073.9267 | J6: =AVERAGE('Raw Values_Con'!$S$51:$S$104) -> 93.961606 | K6: =_xlfn.STDEV.S('Raw Values_Con'!$S$51:$S$104) -> 18.294716
A7: 1607 | B7: =SUM('Raw Values_Con'!$X$3:$X$46) -> 1631.4999 | C7: =SUM('Raw Values_Con'!$Z$3:$Z$46) -> 1694.2084 | D7: =B7/C7 -> 0.96298655 | E7: =AVERAGE('Raw Values_Con'!$X$3:$X$46) -> 37.079543 | F7: =AVERAGE('Raw Values_Con'!$Z$3:$Z$46) -> 38.504736 | G7: =_xlfn.STDEV.S('Raw Values_Con'!$X$3:$X$46) -> 15.397958 | H7: =_xlfn.STDEV.S('Raw Values_Con'!$Z$3:$Z$46) -> 13.762075 | I7: =SUM('Raw Values_Con'!$X$50:$X$91) -> 3652.516 | J7: =AVERAGE('Raw Values_Con'!$X$50:$X$91) -> 86.964667 | K7: =_xlfn.STDEV.S('Raw Values_Con'!$X$50:$X$91) -> 18.374921
A8: 1608 | B8: =SUM('Raw Values_Con'!$AC$3:$AC$56) -> 3764.6522 | C8: =SUM('Raw Values_Con'!$AE$3:$AE$56) -> 3549.4348 | D8: =B8/C8 -> 1.0606343 | E8: =AVERAGE('Raw Values_Con'!$AC$3:$AC$56) -> 69.715781 | F8: =AVERAGE('Raw Values_Con'!$AE$3:$AE$56) -> 65.730274 | G8: =_xlfn.STDEV.S('Raw Values_Con'!$AC$3:$AC$56) -> 25.726206 | H8: =_xlfn.STDEV.S('Raw Values_Con'!$AE$3:$AE$56) -> 24.452745 | I8: =SUM('Raw Values_Con'!$AC$60:$AC$109) -> 5198.1488 | J8: =AVERAGE('Raw Values_Con'!$AC$60:$AC$109) -> 103.96298 | K8: =_xlfn.STDEV.S('Raw Values_Con'!$AC$60:$AC$109) -> 12.804467
A9: 1609 | B9: =SUM('Raw Values_Con'!$AH$3:$AH$50) -> 3366.7895 | C9: =SUM('Raw Values_Con'!$AJ$3:$AJ$50) -> 3585.6319 | D9: =B9/C9 -> 0.93896685 | E9: =AVERAGE('Raw Values_Con'!$AH$3:$AH$50) -> 70.141448 | F9: =AVERAGE('Raw Values_Con'!$AJ$3:$AJ$50) -> 74.700665 | G9: =_xlfn.STDEV.S('Raw Values_Con'!$AH$3:$AH$50) -> 25.947538 | H9: =_xlfn.STDEV.S('Raw Values_Con'!$AJ$3:$AJ$50) -> 28.913872 | I9: =SUM('Raw Values_Con'!$AH$54:$AH$113) -> 4893.6361 | J9: =AVERAGE('Raw Values_Con'!$AH$54:$AH$113) -> 81.560602 | K9: =_xlfn.STDEV.S('Raw Values_Con'!$AH$54:$AH$113) -> 22.208464
A10: 1610 | B10: =SUM('Raw Values_Con'!$AM$3:$AM$38) -> 2092.4115 | C10: =SUM('Raw Values_Con'!$AO$3:$AO$38) -> 1906.4703 | D10: =B10/C10 -> 1.0975317 | E10: =AVERAGE('Raw Values_Con'!$AM$3:$AM$38) -> 58.122542 | F10: =AVERAGE('Raw Values_Con'!$AO$3:$AO$38) -> 52.957508 | G10: =_xlfn.STDEV.S('Raw Values_Con'!$AM$3:$AM$38) -> 18.709253 | H10: =_xlfn.STDEV.S('Raw Values_Con'!$AO$3:$AO$38) -> 18.702556 | I10: =SUM('Raw Values_Con'!$AM$42:$AM$91) -> 4177.037 | J10: =AVERAGE('Raw Values_Con'!$AM$42:$AM$91) -> 83.54074 | K10: =_xlfn.STDEV.S('Raw Values_Con'!$AM$42:$AM$91) -> 18.999226
A11: 1611 | B11: =SUM('Raw Values_Con'!$AR$3:$AR$44) -> 2606.95 | C11: =SUM('Raw Values_Con'!$AT$3:$AT$44) -> 3014.55 | D11: =B11/C11 -> 0.86478911 | E11: =AVERAGE('Raw Values_Con'!$AR$3:$AR$44) -> 62.070238 | F11: =AVERAGE('Raw Values_Con'!$AT$3:$AT$44) -> 71.775 | G11: =_xlfn.STDEV.S('Raw Values_Con'!$AR$3:$AR$44) -> 26.336928 | H11: =_xlfn.STDEV.S('Raw Values_Con'!$AT$3:$AT$44) -> 26.860072 | I11: =SUM('Raw Values_Con'!$AR$47:$AR$86) -> 3247.346 | J11: =AVERAGE('Raw Values_Con'!$AR$47:$AR$86) -> 81.18365 | K11: =_xlfn.STDEV.S('Raw Values_Con'!$AR$47:$AR$86) -> 24.350239
A12: 1613 | B12: =SUM('Raw Values_Con'!$AW$3:$AW$32) -> 2093.3999 | C12: =SUM('Raw Values_Con'!$AY$3:$AY$32) -> 2174.5333 | D12: =B12/C12 -> 0.96268928 | E12: =AVERAGE('Raw Values_Con'!$AW$3:$AW$32) -> 69.779997 | F12: =AVERAGE('Raw Values_Con'!$AY$3:$AY$32) -> 72.484443 | G12: =_xlfn.STDEV.S('Raw Values_Con'!$AW$3:$AW$32) -> 27.48889 | H12: =_xlfn.STDEV.S('Raw Values_Con'!$AY$3:$AY$32) -> 24.880642 | I12: =SUM('Raw Values_Con'!$AW$35:$AW$84) -> 4390.1019 | J12: =AVERAGE('Raw Values_Con'!$AW$35:$AW$84) -> 87.802038 | K12: =_xlfn.STDEV.S('Raw Values_Con'!$AW$35:$AW$84) -> 19.725697
A13: 1614 | B13: =SUM('Raw Values_Con'!$BB$3:$BB$47) -> 3414.95 | C13: =SUM('Raw Values_Con'!$BD$3:$BD$47) -> 3453 | D13: =B13/C13 -> 0.9889806 | E13: =AVERAGE('Raw Values_Con'!$BB$3:$BB$47) -> 75.887778 | F13: =AVERAGE('Raw Values_Con'!$BD$3:$BD$47) -> 76.733333 | G13: =_xlfn.STDEV.S('Raw Values_Con'!$BB$3:$BB$47) -> 24.288257 | H13: =_xlfn.STDEV.S('Raw Values_Con'!$BD$3:$BD$47) -> 25.311637 | I13: =SUM('Raw Values_Con'!$BB$51:$BB$107) -> 5376.9708 | J13: =AVERAGE('Raw Values_Con'!$BB$51:$BB$107) -> 94.332821 | K13: =_xlfn.STDEV.S('Raw Values_Con'!$BB$51:$BB$107) -> 16.900578
A14: 1615 | B14: =SUM('Raw Values_Con'!$BG$3:$BG$36) -> 2357.9998 | C14: =SUM('Raw Values_Con'!$BI$3:$BI$36) -> 2152.5001 | D14: =B14/C14 -> 1.0954702 | E14: =AVERAGE('Raw Values_Con'!$BG$3:$BG$36) -> 69.352935 | F14: =AVERAGE('Raw Values_Con'!$BI$3:$BI$36) -> 63.308826 | G14: =_xlfn.STDEV.S('Raw Values_Con'!$BG$3:$BG$36) -> 22.217583 | H14: =_xlfn.STDEV.S('Raw Values_Con'!$BI$3:$BI$36) -> 17.771419 | I14: =SUM('Raw Values_Con'!$BG$39:$BG$86) -> 4342.0172 | J14: =AVERAGE('Raw Values_Con'!$BG$39:$BG$86) -> 90.458692 | K14: =_xlfn.STDEV.S('Raw Values_Con'!$BG$39:$BG$86) -> 16.201504
A15: 1616 | B15: =SUM('Raw Values_Con'!$BL$3:$BL$48) -> 3614.0665 | C15: =SUM('Raw Values_Con'!$BN$3:$BN$48) -> 3581.9331 | D15: =B15/C15 -> 1.008971 | E15: =AVERAGE('Raw Values_Con'!$BL$3:$BL$48) -> 78.566663 | F15: =AVERAGE('Raw Values_Con'!$BN$3:$BN$48) -> 77.868111 | G15: =_xlfn.STDEV.S('Raw Values_Con'!$BL$3:$BL$48) -> 25.271524 | H15: =_xlfn.STDEV.S('Raw Values_Con'!$BN$3:$BN$48) -> 26.563353 | I15: =SUM('Raw Values_Con'!$BL$51:$BL$107) -> 5354.207 | J15: =AVERAGE('Raw Values_Con'!$BL$51:$BL$107) -> 93.933456 | K15: =_xlfn.STDEV.S('Raw Values_Con'!$BL$51:$BL$107) -> 20.382912
A16: 1617 | B16: =SUM('Raw Values_Con'!$BQ$3:$BQ$59) -> 3678.3912 | C16: =SUM('Raw Values_Con'!$BS$3:$BS$59) -> 3382.2607 | D16: =B16/C16 -> 1.087554 | E16: =AVERAGE('Raw Values_Con'!$BQ$3:$BQ$59) -> 64.533179 | F16: =AVERAGE('Raw Values_Con'!$BS$3:$BS$59) -> 59.337907 | G16: =_xlfn.STDEV.S('Raw Values_Con'!$BQ$3:$BQ$59) -> 26.36896 | H16: =_xlfn.STDEV.S('Raw Values_Con'!$BS$3:$BS$59) -> 27.407008 | I16: =SUM('Raw Values_Con'!$BQ$63:$BQ$133) -> 6603.9159 | J16: =AVERAGE('Raw Values_Con'!$BQ$63:$BQ$133) -> 93.0129 | K16: =_xlfn.STDEV.S('Raw Values_Con'!$BQ$63:$BQ$133) -> 18.731331
A17: 1618 | B17: =SUM('Raw Values_Con'!$BV$3:$BV$48) -> 3170.6818 | C17: =SUM('Raw Values_Con'!$BX$3:$BX$48) -> 3459.5457 | D17: =B17/C17 -> 0.91650236 | E17: =AVERAGE('Raw Values_Con'!$BV$3:$BV$48) -> 68.927865 | F17: =AVERAGE('Raw Values_Con'!$BX$3:$BX$48) -> 75.207515 | G17: =_xlfn.STDEV.S('Raw Values_Con'!$BV$3:$BV$48) -> 25.753241 | H17: =_xlfn.STDEV.S('Raw Values_Con'!$BX$3:$BX$48) -> 25.879433 | I17: =SUM('Raw Values_Con'!$BV$51:$BV$109) -> 5479.97 | J17: =AVERAGE('Raw Values_Con'!$BV$51:$BV$109) -> 92.880847 | K17: =_xlfn.STDEV.S('Raw Values_Con'!$BV$51:$BV$109) -> 20.938404
A18: 1619 | B18: =SUM('Raw Values_Con'!$CA$3:$CA$48) -> 3519.053 | C18: =SUM('Raw Values_Con'!$CC$3:$CC$48) -> 3478.4734 | D18: =B18/C18 -> 1.0116659 | E18: =AVERAGE('Raw Values_Con'!$CA$3:$CA$48) -> 76.501152 | F18: =AVERAGE('Raw Values_Con'!$CC$3:$CC$48) -> 75.618987 | G18: =_xlfn.STDEV.S('Raw Values_Con'!$CA$3:$CA$48) -> 28.469993 | H18: =_xlfn.STDEV.S('Raw Values_Con'!$CC$3:$CC$48) -> 25.744054 | I18: =SUM('Raw Values_Con'!$CA$51:$CA$116) -> 6504.9389 | J18: =AVERAGE('Raw Values_Con'!$CA$51:$CA$116) -> 98.55968 | K18: =_xlfn.STDEV.S('Raw Values_Con'!$CA$51:$CA$116) -> 19.607955
A19: 1620 | B19: =SUM('Raw Values_Con'!$CF$3:$CF$45) -> 3099.8569 | C19: =SUM('Raw Values_Con'!$CH$3:$CH$45) -> 3530.7621 | D19: =B19/C19 -> 0.87795689 | E19: =AVERAGE('Raw Values_Con'!$CF$3:$CF$45) -> 72.089695 | F19: =AVERAGE('Raw Values_Con'!$CH$3:$CH$45) -> 82.110747 | G19: =_xlfn.STDEV.S('Raw Values_Con'!$CF$3:$CF$45) -> 23.136205 | H19: =_xlfn.STDEV.S('Raw Values_Con'!$CH$3:$CH$45) -> 23.659024 | I19: =SUM('Raw Values_Con'!$CF$48:$CF$112) -> 5456.0616 | J19: =AVERAGE('Raw Values_Con'!$CF$48:$CF$112) -> 83.939409 | K19: =_xlfn.STDEV.S('Raw Values_Con'!$CF$48:$CF$112) -> 21.168919
A20: 1621 | B20: =SUM('Raw Values_Con'!$CK$3:$CK$57) -> 2647.3686 | C20: =SUM('Raw Values_Con'!$CM$3:$CM$57) -> 2413.4737 | D20: =B20/C20 -> 1.0969121 | E20: =AVERAGE('Raw Values_Con'!$CK$3:$CK$57) -> 48.133975 | F20: =AVERAGE('Raw Values_Con'!$CM$3:$CM$57) -> 43.88134 | G20: =_xlfn.STDEV.S('Raw Values_Con'!$CK$3:$CK$57) -> 19.325024 | H20: =_xlfn.STDEV.S('Raw Values_Con'!$CM$3:$CM$57) -> 13.855504 | I20: =SUM('Raw Values_Con'!$CK$60:$CK$132) -> 4943.3206 | J20: =AVERAGE('Raw Values_Con'!$CK$60:$CK$132) -> 67.716721 | K20: =_xlfn.STDEV.S('Raw Values_Con'!$CK$60:$CK$132) -> 17.856813
A21: 1622 | B21: =SUM('Raw Values_Con'!$CP$3:$CP$54) -> 4198.8948 | C21: =SUM('Raw Values_Con'!$CR$3:$CR$54) -> 3476.0002 | D21: =B21/C21 -> 1.2079674 | E21: =AVERAGE('Raw Values_Con'!$CP$3:$CP$54) -> 80.747977 | F21: =AVERAGE('Raw Values_Con'!$CR$3:$CR$54) -> 66.846158 | G21: =_xlfn.STDEV.S('Raw Values_Con'!$CP$3:$CP$54) -> 27.000914 | H21: =_xlfn.STDEV.S('Raw Values_Con'!$CR$3:$CR$54) -> 22.871467 | I21: =SUM('Raw Values_Con'!$CP$57:$CP$122) -> 5936.0464 | J21: =AVERAGE('Raw Values_Con'!$CP$57:$CP$122) -> 89.940097 | K21: =_xlfn.STDEV.S('Raw Values_Con'!$CP$57:$CP$122) -> 14.162055
A22: 1623 | B22: =SUM('Raw Values_Con'!$CU$3:$CU$44) -> 1665.3125 | C22: =SUM('Raw Values_Con'!$CW$3:$CW$44) -> 2112.0625 | D22: =B22/C22 -> 0.7884769 | E22: =AVERAGE('Raw Values_Con'!$CU$3:$CU$44) -> 39.650298 | F22: =AVERAGE('Raw Values_Con'!$CW$3:$CW$44) -> 50.287202 | G22: =_xlfn.STDEV.S('Raw Values_Con'!$CU$3:$CU$44) -> 21.754989 | H22: =_xlfn.STDEV.S('Raw Values_Con'!$CW$3:$CW$44) -> 17.074381 | I22: =SUM('Raw Values_Con'!$CU$47:$CU$98) -> 4030.7693 | J22: =AVERAGE('Raw Values_Con'!$CU$47:$CU$98) -> 77.514794 | K22: =_xlfn.STDEV.S('Raw Values_Con'!$CU$47:$CU$98) -> 27.706533
A23: 1624 | B23: =SUM('Raw Values_Con'!$CZ$3:$CZ$39) -> 2052.3998 | C23: =SUM('Raw Values_Con'!$DB$3:$DB$39) -> 1964.4001 | D23: =B23/C23 -> 1.0447972 | E23: =AVERAGE('Raw Values_Con'!$CZ$3:$CZ$39) -> 55.470265 | F23: =AVERAGE('Raw Values_Con'!$DB$3:$DB$39) -> 53.091895 | G23: =_xlfn.STDEV.S('Raw Values_Con'!$CZ$3:$CZ$39) -> 21.292026 | H23: =_xlfn.STDEV.S('Raw Values_Con'!$DB$3:$DB$39) -> 28.795123 | I23: =SUM('Raw Values_Con'!$CZ$42:$CZ$94) -> 3970.7883 | J23: =AVERAGE('Raw Values_Con'!$CZ$42:$CZ$94) -> 74.920534 | K23: =_xlfn.STDEV.S('Raw Values_Con'!$CZ$42:$CZ$94) -> 25.427006
A24: 1625 | B24: =SUM('Raw Values_Con'!$DE$3:$DE$41) -> 2138.5334 | C24: =SUM('Raw Values_Con'!$DG$3:$DG$41) -> 2277.4663 | D24: =B24/C24 -> 0.93899673 | E24: =AVERAGE('Raw Values_Con'!$DE$3:$DE$41) -> 54.83419 | F24: =AVERAGE('Raw Values_Con'!$DG$3:$DG$41) -> 58.396572 | G24: =_xlfn.STDEV.S('Raw Values_Con'!$DE$3:$DE$41) -> 19.57544 | H24: =_xlfn.STDEV.S('Raw Values_Con'!$DG$3:$DG$41) -> 16.294957 | I24: =SUM('Raw Values_Con'!$DE$44:$DE$105) -> 4935.7354 | J24: =AVERAGE('Raw Values_Con'!$DE$44:$DE$105) -> 79.608635 | K24: =_xlfn.STDEV.S('Raw Values_Con'!$DE$44:$DE$105) -> 20.587426
A25: 1626 | B25: =SUM('Raw Values_Con'!$DJ$3:$DJ$37) -> 2428.0834 | C25: =SUM('Raw Values_Con'!$DL$3:$DL$37) -> 2492.5834 | D25: =B25/C25 -> 0.97412323 | E25: =AVERAGE('Raw Values_Con'!$DJ$3:$DJ$37) -> 69.373811 | F25: =AVERAGE('Raw Values_Con'!$DL$3:$DL$37) -> 71.216669 | G25: =_xlfn.STDEV.S('Raw Values_Con'!$DJ$3:$DJ$37) -> 20.532807 | H25: =_xlfn.STDEV.S('Raw Values_Con'!$DL$3:$DL$37) -> 28.811429 | I25: =SUM('Raw Values_Con'!$DJ$40:$DJ$99) -> 5134.5482 | J25: =AVERAGE('Raw Values_Con'!$DJ$40:$DJ$99) -> 85.575803 | K25: =_xlfn.STDEV.S('Raw Values_Con'!$DJ$40:$DJ$99) -> 23.098863
A26: 1627 | B26: =SUM('Raw Values_Con'!$DO$3:$DO$48) -> 4050 | C26: =SUM('Raw Values_Con'!$DQ$3:$DQ$48) -> 3920.6875 | D26: =B26/C26 -> 1.0329821 | E26: =AVERAGE('Raw Values_Con'!$DO$3:$DO$48) -> 88.043478 | F26: =AVERAGE('Raw Values_Con'!$DQ$3:$DQ$48) -> 85.232337 | G26: =_xlfn.STDEV.S('Raw Values_Con'!$DO$3:$DO$48) -> 23.392517 | H26: =_xlfn.STDEV.S('Raw Values_Con'!$DQ$3:$DQ$48) -> 19.379998 | I26: =SUM('Raw Values_Con'!$DO$51:$DO$122) -> 6592.2534 | J26: =AVERAGE('Raw Values_Con'!$DO$51:$DO$122) -> 91.559075 | K26: =_xlfn.STDEV.S('Raw Values_Con'!$DO$51:$DO$122) -> 18.283989
A27: 1628 | B27: =SUM('Raw Values_Con'!$DT$3:$DT$51) -> 2400.4737 | C27: =SUM('Raw Values_Con'!$DV$3:$DV$51) -> 2298.9998 | D27: =B27/C27 -> 1.0441383 | E27: =AVERAGE('Raw Values_Con'!$DT$3:$DT$51) -> 48.989259 | F27: =AVERAGE('Raw Values_Con'!$DV$3:$DV$51) -> 46.918363 | G27: =_xlfn.STDEV.S('Raw Values_Con'!$DT$3:$DT$51) -> 22.094022 | H27: =_xlfn.STDEV.S('Raw Values_Con'!$DV$3:$DV$51) -> 18.789823 | I27: =SUM('Raw Values_Con'!$DT$54:$DT$104) -> 3518.7709 | J27: =AVERAGE('Raw Values_Con'!$DT$54:$DT$104) -> 68.995508 | K27: =_xlfn.STDEV.S('Raw Values_Con'!$DT$54:$DT$104) -> 17.801897
A29: Column AVGS | B29: =AVERAGE(B3:B27) -> 2843.4301 | C29: =AVERAGE(C3:C27) -> 2851.7346 | D29: =AVERAGE(D3:D27) -> 0.99655379 | E29: =AVERAGE(E3:E27) -> 66.357764 | F29: =AVERAGE(F3:F27) -> 66.919554 | G29: =AVERAGE(G3:G27) -> 23.143127 | H29: =AVERAGE(H3:H27) -> 22.535931 | I29: =AVERAGE(I3:I27) -> 5001.1105 | ... K29: =AVERAGE(K3:K27) -> 19.868392
B30: AVG SUM RIGHT | C30: AVG SUM LEFT | D30: AVG RATIO | E30: AVG OF AVG RIGHT | F30: AVG OF AVG LEFT | G30: AVG OF AVG LEFT

Sheet Raw Values_B3A
A1: Bottom | B1: 1630 | F1: Bottom | G1: 1631 | K1: Bottom | L1: 1633 | P1: Bottom | Q1: 1634 | U1: Bottom | V1: 1635 | Z1: Bottom | AA1: 1636 | AE1: Bottom | AF1: 1637 | AJ1: Bottom | AK1: 1638 | AO1: Bottom | AP1: 1639 | AT1: Bottom | AU1: 1642 | AY1: Bottom | AZ1: 1643 | BD1: Bottom | BE1: 1644 | BI1: Bottom | BJ1: 1645 | BN1: Bottom | BO1: 1646
A2: Pixels | B2: R | D2: L | F2: Pixels | G2: R | I2: L | K2: Pixels | L2: R | N2: L | P2: Pixels | Q2: R | S2: L | U2: Pixels | V2: R | X2: L | Z2: Pixels | AA2: R | AC2: L | AE2: Pixels | AF2: R | AH2: L | AJ2: Pixels | AK2: R | AM2: L | AO2: Pixels | AP2: R | AR2: L | AT2: Pixels | AU2: R | AW2: L | AY2: Pixels | AZ2: R | BB2: L | BD2: Pixels | BE2: R | BG2: L | BI2: Pixels | BJ2: R | BL2: L | BN2: Pixels | BO2: R | BQ2: L
A3: 0 | B3: 32.6111 | C3: 52 | D3: 94.2222 | F3: 0 | G3: 24.5833 | H3: 41 | I3: 105.8333 | K3: 0 | L3: 28.6 | M3: 36 | N3: 75.8 | P3: 0 | Q3: 27.0769 | R3: 35 | S3: 56.5385 | U3: 0 | V3: 28.625 | W3: 40 | X3: 65.4375 | Z3: 0 | AA3: 32.3913 | AB3: 29 | AC3: 79.1739 | AE3: 0 | AF3: 30.4615 | AG3: 31 | AH3: 75.6923 | AJ3: 0 | AK3: 32.8667 | AL3: 38 | AM3: 99.3333 | AO3: 0 | AP3: 24.3 | AQ3: 33 | AR3: 120.3 | AT3: 0 | AU3: 34.9444 | AV3: 46 | AW3: 93.7222 | AY3: 0 | AZ3: 28.2143 | BA3: 35 | BB3: 82.5714 | BD3: 0 | BE3: 30.8 | BF3: 30 | BG3: 75.2 | BI3: 0 | BJ3: 23.68 | BK3: 44 | BL3: 95.72 | BN3: 0 | BO3: 31 | BP3: 44 | BQ3: 101.9444
A4: 1 | B4: 33.6667 | C4: 53 | D4: 93.8333 | F4: 1 | G4: 25.3333 | H4: 42 | I4: 106.6667 | K4: 1 | L4: 30.2 | M4: 37 | N4: 76.4 | P4: 1 | Q4: 27.6154 | R4: 36 | S4: 56.6154 | U4: 1 | V4: 30 | W4: 41 | X4: 66.1875 | Z4: 1 | AA4: 40.6522 | AB4: 30 | AC4: 80.8696 | AE4: 1 | AF4: 31.5385 | AG4: 32 | AH4: 77.3077 | AJ4: 1 | AK4: 33.5333 | AL4: 39 | AM4: 101.4 | AO4: 1 | AP4: 26.4 | AQ4: 34 | AR4: 113.6 | AT4: 1 | AU4: 35.1667 | AV4: 47 | AW4: 93.5 | AY4: 1 | AZ4: 29.2857 | BA4: 36 | BB4: 82.5 | BD4: 1 | BE4: 32.1333 | BF4: 31 | BG4: 75.3333 | BI4: 1 | BJ4: 24.36 | BK4: 45 | BL4: 95.96 | BN4: 1 | BO4: 33.1111 | BP4: 45 | BQ4: 102.8889
A5: 2 | B5: 35.3333 | C5: 54 | D5: 93.4444 | F5: 2 | G5: 27.1667 | H5: 43 | I5: 107.4167 | K5: 2 | L5: 31.6 | M5: 38 | N5: 76.7 | P5: 2 | Q5: 28 | R5: 37 | S5: 55.9231 | U5: 2 | V5: 31.1875 | W5: 42 | X5: 67.25 | Z5: 2 | AA5: 49.3478 | AB5: 31 | AC5: 82.9565 | AE5: 2 | AF5: 32.1538 | AG5: 33 | AH5: 78.1538 | AJ5: 2 | AK5: 34.6667 | AL5: 40 | AM5: 99.8 | AO5: 2 | AP5: 31.3 | AQ5: 35 | AR5: 110.3 | AT5: 2 | AU5: 35.6111 | AV5: 48 | AW5: 94.3333 | AY5: 2 | AZ5: 30.2857 | BA5: 37 | BB5: 82.8571 | BD5: 2 | BE5: 35 | BF5: 32 | BG5: 76.4 | BI5: 2 | BJ5: 24.96 | BK5: 46 | BL5: 96.8 | BN5: 2 | BO5: 35.5 | BP5: 46 | BQ5: 102.9444
A6: 3 | B6: 36.9444 | C6: 55 | D6: 92.0556 | F6: 3 | G6: 28.25 | H6: 44 | I6: 110.5833 | K6: 3 | L6: 33.15 | M6: 39 | N6: 77 | P6: 3 | Q6: 29.1538 | R6: 38 | S6: 55.1538 | U6: 3 | V6: 32.6875 | W6: 43 | X6: 67.75 | Z6: 3 | AA6: 56.5217 | AB6: 32 | AC6: 85.8696 | AE6: 3 | AF6: 32.7692 | AG6: 34 | AH6: 78.6923 | AJ6: 3 | AK6: 35.3333 | AL6: 41 | AM6: 95 | AO6: 3 | AP6: 42.6 | AQ6: 36 | AR6: 111.2 | AT6: 3 | AU6: 36.9444 | AV6: 49 | AW6: 94.9444 | AY6: 3 | AZ6: 31.2143 | BA6: 38 | BB6: 83.0714 | BD6: 3 | BE6: 38.0667 | BF6: 33 | BG6: 77 | BI6: 3 | BJ6: 27.16 | BK6: 47 | BL6: 97.16 | BN6: 3 | BO6: 38.1667 | BP6: 47 | BQ6: 102.7778
A7: 4 | B7: 37.8889 | C7: 56 | D7: 89.8333 | F7: 4 | G7: 28.9167 | H7: 45 | I7: 111.75 | K7: 4 | L7: 34.5 | M7: 40 | N7: 78.2 | P7: 4 | Q7: 30.2308 | R7: 39 | S7: 54.3846 | U7: 4 | V7: 34 | W7: 44 | X7: 68.5 | Z7: 4 | AA7: 60.6087 | AB7: 33 | AC7: 88.087 | AE7: 4 | AF7: 33.6923 | AG7: 35 | AH7: 78.3077 | AJ7: 4 | AK7: 36.5333 | AL7: 42 | AM7: 90.5333 | AO7: 4 | AP7: 59.7 | AQ7: 37 | AR7: 114.1 | AT7: 4 | AU7: 38 | AV7: 50 | AW7: 95.3333 | AY7: 4 | AZ7: 31.4286 | BA7: 39 | BB7: 83.1429 | BD7: 4 | BE7: 39.6 | BF7: 34 | BG7: 74.4667 | BI7: 4 | BJ7: 30.04 | BK7: 48 | BL7: 96.32 | BN7: 4 | BO7: 40.4444 | BP7: 48 | BQ7: 103.3333
A8: 5 | B8: 38.7778 | C8: 57 | D8: 89 | F8: 5 | G8: 28.6667 | H8: 46 | I8: 109.8333 | K8: 5 | L8: 35.5 | M8: 41 | N8: 78.25 | P8: 5 | Q8: 30.8462 | R8: 40 | S8: 53.8462 | U8: 5 | V8: 34.5625 | W8: 45 | X8: 69 | Z8: 5 | AA8: 63.4783 | AB8: 34 | AC8: 89.4783 | AE8: 5 | AF8: 35.0769 | AG8: 36 | AH8: 78.1538 | AJ8: 5 | AK8: 37.6 | AL8: 43 | AM8: 87.4 | AO8: 5 | AP8: 75.5 | AQ8: 38 | AR8: 115.1 | AT8: 5 | AU8: 39.2222 | AV8: 51 | AW8: 95.7778 | AY8: 5 | AZ8: 32.1429 | BA8: 40 | BB8: 83.0714 | BD8: 5 | BE8: 39.2 | BF8: 35 | BG8: 70.8667 | BI8: 5 | BJ8: 30.88 | BK8: 49 | BL8: 94.32 | BN8: 5 | BO8: 42.6667 | BP8: 49 | BQ8: 100.7778
A9: 6 | B9: 39 | C9: 58 | D9: 88.6111 | F9: 6 | G9: 29 | H9: 47 | I9: 107.4167 | K9: 6 | L9: 36 | M9: 42 | N9: 77.75 | P9: 6 | Q9: 31.8462 | R9: 41 | S9: 53.3846 | U9: 6 | V9: 35.75 | W9: 46 | X9: 68.5625 | Z9: 6 | AA9: 65.7391 | AB9: 35 | AC9: 89.8261 | AE9: 6 | AF9: 36.2308 | AG9: 37 | AH9: 77.6154 | AJ9: 6 | AK9: 38.9333 | AL9: 44 | AM9: 86.2 | AO9: 6 | AP9: 86.1 | AQ9: 39 | AR9: 116.8 | AT9: 6 | AU9: 40.5 | AV9: 52 | AW9: 96 | AY9: 6 | AZ9: 32.2857 | BA9: 41 | BB9: 83.3571 | BD9: 6 | BE9: 38.7333 | BF9: 36 | BG9: 68 | BI9: 6 | BJ9: 32.6 | BK9: 50 | BL9: 91.6 | BN9: 6 | BO9: 44.5556 | BP9: 50 | BQ9: 98.7222
A10: 7 | B10: 39.5 | C10: 59 | D10: 86.7778 | F10: 7 | G10: 30.1667 | H10: 48 | I10: 105.0833 | K10: 7 | L10: 36.7 | M10: 43 | N10: 76.9 | P10: 7 | Q10: 33.4615 | R10: 42 | S10: 53.2308 | U10: 7 | V10: 36.125 | W10: 47 | X10: 67.6875 | Z10: 7 | AA10: 67.3478 | AB10: 36 | AC10: 89.1739 | AE10: 7 | AF10: 36.6154 | AG10: 38 | AH10: 77.7692 | AJ10: 7 | AK10: 40.2667 | AL10: 45 | AM10: 86.4667 | AO10: 7 | AP10: 93.7 | AQ10: 40 | AR10: 112.8 | AT10: 7 | AU10: 41.9444 | AV10: 53 | AW10: 96.0556 | AY10: 7 | AZ10: 33.1429 | BA10: 42 | BB10: 83.5 | BD10: 7 | BE10: 39.1333 | BF10: 37 | BG10: 66.1333 | BI10: 7 | BJ10: 34.32 | BK10: 51 | BL10: 89.76 | BN10: 7 | BO10: 45.3889 | BP10: 51 | BQ10: 97.3889
A11: 8 | B11: 40.5 | C11: 60 | D11: 84.3333 | F11: 8 | G11: 30.25 | H11: 49 | I11: 103.1667 | K11: 8 | L11: 37.95 | M11: 44 | N11: 76.15 | P11: 8 | Q11: 36.6923 | R11: 43 | S11: 53.4615 | U11: 8 | V11: 36.5 | W11: 48 | X11: 68.0625 | Z11: 8 | AA11: 67.2609 | AB11: 37 | AC11: 87.7826 | AE11: 8 | AF11: 37.2308 | AG11: 39 | AH11: 78.2308 | AJ11: 8 | AK11: 40.6667 | AL11: 46 | AM11: 85.6667 | AO11: 8 | AP11: 93.7 | AQ11: 41 | AR11: 111.8 | AT11: 8 | AU11: 43.1667 | AV11: 54 | AW11: 96.8333 | AY11: 8 | AZ11: 36.0714 | BA11: 43 | BB11: 83.1429 | BD11: 8 | BE11: 41.1333 | BF11: 38 | BG11: 64.7333 | BI11: 8 | BJ11: 36.6 | BK11: 52 | BL11: 87.24 | BN11: 8 | BO11: 46.2778 | BP11: 52 | BQ11: 95.5556
A12: 9 | B12: 42.5 | C12: 61 | D12: 82.6111 | F12: 9 | G12: 30.8333 | H12: 50 | I12: 101.8333 | K12: 9 | L12: 39.85 | M12: 45 | N12: 74.3 | P12: 9 | Q12: 38.7692 | R12: 44 | S12: 53.5385 | U12: 9 | V12: 36.75 | W12: 49 | X12: 69.25 | Z12: 9 | AA12: 66.913 | AB12: 38 | AC12: 86.5217 | AE12: 9 | AF12: 39.2308 | AG12: 40 | AH12: 78 | AJ12: 9 | AK12: 41.3333 | AL12: 47 | AM12: 83.6 | AO12: 9 | AP12: 86.4 | AQ12: 42 | AR12: 106.7 | AT12: 9 | AU12: 44.0556 | AV12: 55 | AW12: 98.1111 | AY12: 9 | AZ12: 38.2857 | BA12: 44 | BB12: 82.2143 | BD12: 9 | BE12: 44.0667 | BF12: 39 | BG12: 61.9333 | BI12: 9 | BJ12: 40.6 | BK12: 53 | BL12: 85.12 | BN12: 9 | BO12: 48.2778 | BP12: 53 | BQ12: 96
A13: 10 | B13: 44 | C13: 62 | D13: 80.9444 | F13: 10 | G13: 33.9167 | H13: 51 | I13: 98 | K13: 10 | L13: 41.7 | M13: 46 | N13: 72.5 | P13: 10 | Q13: 38.9231 | R13: 45 | S13: 53.0769 | U13: 10 | V13: 36.9375 | W13: 50 | X13: 70.375 | Z13: 10 | AA13: 66.8696 | AB13: 39 | AC13: 84.6522 | AE13: 10 | AF13: 41.8462 | AG13: 41 | AH13: 77.3846 | AJ13: 10 | AK13: 41.0667 | AL13: 48 | AM13: 81.4 | AO13: 10 | AP13: 80.6 | AQ13: 43 | AR13: 107.2 | AT13: 10 | AU13: 45.3333 | AV13: 56 | AW13: 98.5556 | AY13: 10 | AZ13: 40.8571 | BA13: 45 | BB13: 80.8571 | BD13: 10 | BE13: 46.7333 | BF13: 40 | BG13: 59.2 | BI13: 10 | BJ13: 44 | BK13: 54 | BL13: 83.16 | BN13: 10 | BO13: 52.9444 | BP13: 54 | BQ13: 96.3889
A14: 11 | B14: 45.5556 | C14: 63 | D14: 79.3333 | F14: 11 | G14: 37.8333 | H14: 52 | I14: 95.3333 | K14: 11 | L14: 43.35 | M14: 47 | N14: 70.95 | P14: 11 | Q14: 38.6923 | R14: 46 | S14: 52.8462 | U14: 11 | V14: 37.0625 | W14: 51 | X14: 70.9375 | Z14: 11 | AA14: 68.6522 | AB14: 40 | AC14: 79.7391 | AE14: 11 | AF14: 43.9231 | AG14: 42 | AH14: 75.9231 | AJ14: 11 | AK14: 40.5333 | AL14: 49 | AM14: 80.1333 | AO14: 11 | AP14: 80 | AQ14: 44 | AR14: 106.8 | AT14: 11 | AU14: 47.7778 | AV14: 57 | AW14: 98.4444 | AY14: 11 | AZ14: 45.6429 | BA14: 46 | BB14: 80.2857 | BD14: 11 | BE14: 48.2667 | BF14: 41 | BG14: 56.9333 | BI14: 11 | BJ14: 47.56 | BK14: 55 | BL14: 82.28 | BN14: 11 | BO14: 57.7222 | BP14: 55 | BQ14: 96.4444
... A31: 28 | B31: 71.2778 | C31: 80 | D31: 47.2778 | F31: 28 | G31: 94.3333 | H31: 69 | I31: 43.9167 | K31: 28 | L31: 71.95 | M31: 64 | N31: 47.75 | P31: 28 | Q31: 53 | R31: 63 | S31: 32.0769 | U31: 28 | V31: 56.1875 | W31: 68 | X31: 43.8125 | Z31: 28 | AA31: 77.6957 | AB31: 57 | AC31: 32.5217 | AE31: 28 | AF31: 70.3077 | AG31: 59 | AH31: 29.2308 | AJ31: 28 | AK31: 78.4667 | AL31: 66 | AM31: 49.5333 | AO31: 28 | AP31: 123.2 | AQ31: 61 | AR31: 49.6 | AT31: 28 | AU31: 71.3333 | AV31: 74 | AW31: 50.4444 | AY31: 28 | AZ31: 76.7143 | BA31: 63 | BB31: 47.4286 | BD31: 28 | BE31: 76.1333 | BF31: 58 | BG31: 31.6667 | BI31: 28 | BJ31: 84.52 | BK31: 72 | BL31: 51.48 | BN31: 28 | BO31: 97.6111 | BP31: 72 | BQ31: 57.1111
A32: 29 | B32: 73.3889 | C32: 81 | D32: 47.1111 | F32: 29 | G32: 95.3333 | H32: 70 | I32: 42.25 | K32: 29 | L32: 73.7 | M32: 65 | N32: 46.25 | P32: 29 | Q32: 54.3077 | R32: 64 | S32: 31.0769 | U32: 29 | V32: 56.4375 | W32: 69 | X32: 42.5625 | AE32: 29 | AF32: 72.1538 | AG32: 60 | AH32: 27.6154 | AJ32: 29 | AK32: 76.8667 | AL32: 67 | AM32: 52 | AO32: 29 | AP32: 123.1 | AQ32: 62 | AR32: 50.4 | AT32: 29 | AU32: 75.9444 | AV32: 75 | AW32: 47.4444 | AY32: 29 | AZ32: 78.2143 | BA32: 64 | BB32: 44.2143 | BD32: 29 | BE32: 75.5333 | BF32: 59 | BG32: 31 | BI32: 29 | BJ32: 86.76 | BK32: 73 | BL32: 45.36 | BN32: 29 | BO32: 98.7778 | BP32: 73 | BQ32: 50.9444
A33: 30 | B33: 75.1667 | C33: 82 | D33: 46.2778 | F33: 30 | G33: 96.1667 | H33: 71 | I33: 39.8333 | K33: 30 | L33: 74.8 | M33: 66 | N33: 44.6 | P33: 30 | Q33: 55 | R33: 65 | S33: 30.6154 | U33: 30 | V33: 57.375 | W33: 70 | X33: 41.6875 | AE33: 30 | AF33: 74.2308 | AG33: 61 | AH33: 25.6923 | AJ33: 30 | AK33: 74.5333 | AL33: 68 | AM33: 52.4 | AO33: 30 | AP33: 123.3 | AQ33: 63 | AR33: 42.3 | AT33: 30 | AU33: 80.1111 | AV33: 76 | AW33: 45.3889 | AY33: 30 | AZ33: 79.7143 | BA33: 65 | BB33: 40.5 | BI33: 30 | BJ33: 87.84 | BK33: 74 | BL33: 41.24 | BN33: 30 | BO33: 98.7778 | BP33: 74 | BQ33: 47.1111
A34: 31 | B34: 77.2222 | C34: 83 | D34: 45.1667 | F34: 31 | G34: 96.75 | H34: 72 | I34: 37.4167 | K34: 31 | L34: 75.35 | M34: 67 | N34: 42.4 | P34: 31 | Q34: 55.6154 | R34: 66 | S34: 31.2308 | U34: 31 | V34: 58.8125 | W34: 71 | X34: 41.375 | Z34: entire 1636 | AJ34: 31 | AK34: 74.5333 | AL34: 69 | AM34: 50.7333 | AO34: 31 | AP34: 124 | AQ34: 64 | AR34: 32.3 | AT34: 31 | AU34: 83.1667 | AV34: 77 | AW34: 44.9444 | AY34: 31 | AZ34: 80.2857 | BA34: 66 | BB34: 37.2143 | BI34: 31 | BJ34: 87.72 | BK34: 75 | BL34: 39.4 | BN34: 31 | BO34: 98.9444 | BP34: 75 | BQ34: 45.0556
A35: 32 | B35: 78.8889 | C35: 84 | D35: 45.3333 | F35: 32 | G35: 95.25 | H35: 73 | I35: 35.9167 | K35: 32 | L35: 76.05 | M35: 68 | N35: 40.25 | P35: 32 | Q35: 56.4615 | R35: 67 | S35: 31.3077 | U35: 32 | V35: 59.8125 | W35: 72 | X35: 41.25 | Z35: 0 | AA35: 58.2113 | AJ35: 32 | AK35: 77.6667 | AL35: 70 | AM35: 48.8667 | AO35: 32 | AP35: 124.9 | AQ35: 65 | AR35: 25.9 | AT35: 32 | AU35: 85.7778 | AV35: 78 | AW35: 45.4444 | AY35: 32 | AZ35: 80.5 | BA35: 67 | BB35: 34.5714 | BD35: entire 1644 | BI35: 32 | BJ35: 88.04 | BK35: 76 | BL35: 37.16 | BN35: 32 | BO35: 97.2778 | BP35: 76 | BQ35: 43.8889
A36: 33 | B36: 80.0556 | C36: 85 | D36: 45.8333 | F36: 33 | G36: 92.9167 | H36: 74 | I36: 34.9167 | K36: 33 | L36: 76.05 | M36: 69 | N36: 38.15 | P36: 33 | Q36: 56.5385 | R36: 68 | S36: 30.6154 | U36: 33 | V36: 60.75 | W36: 73 | X36: 40.6875 | Z36: 1 | AA36: 60.0563 | AE36: entire 1637 | AJ36: 33 | AK36: 81.4 | AL36: 71 | AM36: 47.6667 | AT36: 33 | AU36: 88.1111 | AV36: 79 | AW36: 44.9444 | AY36: 33 | AZ36: 81.1429 | BA36: 68 | BB36: 32.7857 | BD36: 0 | BE36: 46.5513 | BI36: 33 | BJ36: 88.8 | BK36: 77 | BL36: 35.44 | BN36: 33 | BO36: 96.9444 | BP36: 77 | BQ36: 42.6111
A37: 34 | B37: 81 | C37: 86 | D37: 45.1111 | F37: 34 | G37: 92.4167 | H37: 75 | I37: 32.9167 | K37: 34 | L37: 75.7 | M37: 70 | N37: 36.8 | P37: 34 | Q37: 56.2308 | R37: 69 | S37: 29.3077 | U37: 34 | V37: 61.875 | W37: 74 | X37: 40.0625 | Z37: 2 | AA37: 62.3099 | AE37: 0 | AF37: 43.08 | AJ37: 34 | AK37: 82.9333 | AL37: 72 | AM37: 46.4667 | AT37: 34 | AU37: 90.4444 | AV37: 80 | AW37: 43.8889 | AY37: 34 | AZ37: 81.7143 | BA37: 69 | BB37: 30.9286 | BD37: 1 | BE37: 48.1282 | BI37: 34 | BJ37: 89.4 | BK37: 78 | BL37: 33.72 | BN37: 34 | BO37: 96.7778 | BP37: 78 | BQ37: 41.6667
A38: 35 | B38: 82.6667 | C38: 87 | D38: 43.2778 | F38: 35 | G38: 93.75 | H38: 76 | I38: 30.1667 | K38: 35 | L38: 75.2 | M38: 71 | N38: 35.05 | U38: 35 | V38: 63 | W38: 75 | X38: 38.375 | Z38: 3 | AA38: 65.1972 | AE38: 1 | AF38: 46.2533 | AJ38: 35 | AK38: 83.8667 | AL38: 73 | AM38: 42.7333 | AO38: entire 1639 | AT38: 35 | AU38: 91.6111 | AV38: 81 | AW38: 43 | BD38: 2 | BE38: 50.7308 | BI38: 35 | BJ38: 89.92 | BK38: 79 | BL38: 31.92 | BN38: 35 | BO38: 96.7778 | BP38: 79 | BQ38: 40.5
A39: 36 | B39: 84.6667 | C39: 88 | D39: 40.9444 | F39: 36 | G39: 94.75 | H39: 77 | I39: 28.9167 | U39: 36 | V39: 63.5625 | W39: 76 | X39: 36.8125 | Z39: 4 | AA39: 68.4789 | AE39: 2 | AF39: 49.8133 | AJ39: 36 | AK39: 87.6 | AL39: 74 | AM39: 37.1333 | AO39: 0 | AP39: 63.6053 | AT39: 36 | AU39: 91.7778 | AV39: 82 | AW39: 42.2778 | BD39: 3 | BE39: 54.1923 | BI39: 36 | BJ39: 90.16 | BK39: 80 | BL39: 30.4 | BN39: 36 | BO39: 95.8889 | BP39: 80 | BQ39: 38.2222
A40: 37 | B40: 86.6667 | C40: 89 | D40: 39.2222 | F40: 37 | G40: 97 | H40: 78 | I40: 29.1667 | P40: entire 1634 | U40: 37 | V40: 63.875 | W40: 77 | X40: 36.125 | Z40: 5 | AA40: 71.338 | AE40: 3 | AF40: 54.3067 | AJ40: 37 | AK40: 93.8 | AL40: 75 | AM40: 32 | AO40: 1 | AP40: 66.6579 | AT40: 37 | AU40: 91.8333 | AV40: 83 | AW40: 41.2778 | AY40: entire 1643 | BD40: 4 | BE40: 57.9103 | BI40: 37 | BJ40: 91.12 | BK40: 81 | BL40: 29.4 | BN40: 37 | BO40: 96.7778 | BP40: 81 | BQ40: 36.4444
A41: 38 | B41: 88.6111 | C41: 90 | D41: 38.2778 | F41: 38 | G41: 101.75 | H41: 79 | I41: 28.1667 | K41: entire 1633 | P41: 0 | Q41: 48.8077 | U41: 38 | V41: 64.625 | W41: 78 | X41: 35.875 | Z41: 6 | AA41: 74 | AE41: 4 | AF41: 59.72 | AO41: 2 | AP41: 69.5395 | AT41: 38 | AU41: 92.7222 | AV41: 84 | AW41: 40.0556 | AY41: 0 | AZ41: 43.3053 | BD41: 5 | BE41: 61.859 | BI41: 38 | BJ41: 92.16 | BK41: 82 | BL41: 28.68 | BN41: 38 | BO41: 96.5556 | BP41: 82 | BQ41: 35.6111
A42: 39 | B42: 90.4444 | C42: 91 | D42: 37.7778 | F42: 39 | G42: 105.9167 | H42: 80 | I42: 25.9167 | K42: 0 | L42: 50.5658 | P42: 1 | Q42: 53.1538 | U42: 39 | V42: 65.25 | W42: 79 | X42: 34.75 | Z42: 7 | AA42: 77.7183 | AE42: 5 | AF42: 64.24 | AO42: 3 | AP42: 72.9211 | AT42: 39 | AU42: 93.4444 | AV42: 85 | AW42: 39.3333 | AY42: 1 | AZ42: 44.8316 | BD42: 6 | BE42: 65.4744 | BI42: 39 | BJ42: 92.56 | BK42: 83 | BL42: 28.08 | BN42: 39 | BO42: 95.5 | BP42: 83 | BQ42: 34.1111
A43: 40 | B43: 91.6111 | C43: 92 | D43: 37.1111 | F43: 40 | G43: 105.75 | H43: 81 | I43: 23.5833 | K43: 1 | L43: 51.6579 | P43: 2 | Q43: 55.4103 | Z43: 8 | AA43: 81.3099 | AE43: 6 | AF43: 66.4933 | AJ43: entire 1638 | AO43: 4 | AP43: 74.5658 | AT43: 40 | AU43: 93.8889 | AV43: 86 | AW43: 38.3889 | AY43: 2 | AZ43: 46.2737 | BD43: 7 | BE43: 69.0128 | BI43: 40 | BJ43: 92.76 | BK43: 84 | BL43: 27.72 | BN43: 40 | BO43: 95.5 | BP43: 84 | BQ43: 33.1667
A44: 41 | B44: 92.9444 | C44: 93 | D44: 36.7222 | K44: 2 | L44: 52.9079 | P44: 3 | Q44: 56.5769 | Z44: 9 | AA44: 84.7887 | AE44: 7 | AF44: 67.4533 | AJ44: 0 | AK44: 54.4578 | AO44: 5 | AP44: 73.1711 | AT44: 41 | AU44: 93.9444 | AV44: 87 | AW44: 38.3889 | AY44: 3 | AZ44: 48.1474 | BD44: 8 | BE44: 73.7821 | BI44: 41 | BJ44: 93.52 | BK44: 85 | BL44: 27.28 | BN44: 41 | BO44: 96.5556 | BP44: 85 | BQ44: 32.9444
A45: 42 | B45: 94.7778 | C45: 94 | D45: 36.1111 | K45: 3 | L45: 54.4605 | P45: 4 | Q45: 56.5128 | U45: entire 1635 | Z45: 10 | AA45: 87.8732 | AE45: 8 | AF45: 68.9733 | AJ45: 1 | AK45: 57.3373 | AO45: 6 | AP45: 72.1711 | AT45: 42 | AU45: 93.0556 | AV45: 88 | AW45: 38.6111 | AY45: 4 | AZ45: 50.5579 | BD45: 9 | BE45: 79.1538 | BI45: 42 | BJ45: 94.76 | BK45: 86 | BL45: 26.68 | BN45: 42 | BO45: 96.5 | BP45: 86 | BQ45: 31.8889
A46: 43 | B46: 96.3889 | C46: 95 | D46: 35.8889 | F46: entire 1631 | K46: 4 | L46: 56.3421 | P46: 5 | Q46: 57.3077 | U46: 0 | V46: 42.2222 | Z46: 11 | AA46: 91.0423 | AE46: 9 | AF46: 70.6 | AJ46: 2 | AK46: 60.3976 | AO46: 7 | AP46: 72.4474 | AT46: 43 | AU46: 92.6111 | AV46: 89 | AW46: 38.2778 | AY46: 5 | AZ46: 53.5895 | BD46: 10 | BE46: 83.6026 | BI46: 43 | BJ46: 95.52 | BK46: 87 | BL46: 26 | BN46: 43 | BO46: 98.2778 | BP46: 87 | BQ46: 30.6667
A47: 44 | B47: 96.0556 | C47: 96 | D47: 35.5 | F47: 0 | G47: 52.6447 | K47: 5 | L47: 58.0526 | P47: 6 | Q47: 60.6795 | U47: 1 | V47: 43.6667 | Z47: 12 | AA47: 93.831 | AE47: 10 | AF47: 72.36 | AJ47: 3 | AK47: 63.0964 | AO47: 8 | AP47: 73.3289 | AT47: 44 | AU47: 92.8333 | AV47: 90 | AW47: 38.0556 | AY47: 6 | AZ47: 57.2842 | BD47: 11 | BE47: 86.4487
A48: 45 | B48: 95.2778 | C48: 97 | D48: 35.2778 | F48: 1 | G48: 54.4474 | K48: 6 | L48: 60.6579 | P48: 7 | Q48: 64.2564 | U48: 2 | V48: 45.1605 | Z48: 13 | AA48: 95.7324 | AE48: 11 | AF48: 74.1733 | AJ48: 4 | AK48: 65.4217 | AO48: 9 | AP48: 76.3289 | AT48: 45 | AU48: 93.6111 | AV48: 91 | AW48: 38 | AY48: 7 | AZ48: 60.7895 | BD48: 12 | BE48: 89.141
A49: 46 | B49: 95.7222 | C49: 98 | D49: 34.5 | F49: 2 | G49: 56.1447 | K49: 7 | L49: 64.2632 | P49: 8 | Q49: 67.2051 | U49: 3 | V49: 46.321 | Z49: 14 | AA49: 97.6056 | AE49: 12 | AF49: 76.0133 | AJ49: 5 | AK49: 67.8434 | AO49: 10 | AP49: 83.9079 | AY49: 8 | AZ49: 63.4421 | BD49: 13 | BE49: 91.6026 | BI49: entire 1645 | BN49: entire 1646
A50: 47 | B50: 96.9444 | C50: 99 | D50: 33.9444 | F50: 3 | G50: 56.9737 | K50: 8 | L50: 69.0526 | P50: 9 | Q50: 71.2821 | U50: 4 | V50: 47.5556 | Z50: 15 | AA50: 100.7042 | AE50: 13 | AF50: 77.44 | AJ50: 6 | AK50: 70.8072 | AO50: 11 | AP50: 91.1053 | AY50: 9 | AZ50: 65.7895 | BD50: 14 | BE50: 93.5256 | BI50: 0 | BJ50: 65.9286 | BN50: 0 | BO50: 71.9545
A51: 48 | B51: 96.9444 | C51: 100 | D51: 33.9444 | F51: 4 | G51: 58.1316 | K51: 9 | L51: 73.9868 | P51: 10 | Q51: 75.3846 | U51: 5 | V51: 49.2593 | Z51: 16 | AA51: 104.3521 | AE51: 14 | AF51: 78.8133 | AJ51: 7 | AK51: 74.2048 | AO51: 12 | AP51: 94.6711 | AT51: entire 1642 | AY51: 10 | AZ51: 69.0421 | BD51: 15 | BE51: 95.2949 | BI51: 1 | BJ51: 68.3571 | BN51: 1 | BO51: 73.3864
A52: 49 | B52: 96.1111 | C52: 101 | D52: 34.5556 | F52: 5 | G52: 59.9211 | K52: 10 | L52: 77.6447 | P52: 11 | Q52: 77.4103 | U52: 6 | V52: 51.1235 | Z52: 17 | AA52: 107.2535 | AE52: 15 | AF52: 80.8933 | AJ52: 8 | AK52: 77.8072 | AO52: 13 | AP52: 94.3421 | AT52: 0 | AU52: 55.8675 | AY52: 11 | AZ52: 72.6526 | BD52: 16 | BE52: 96.7564 | BI52: 2 | BJ52: 70.5833 | BN52: 2 | BO52: 74.8295
A53: 50 | B53: 95.3889 | C53: 102 | D53: 34.7222 | F53: 6 | G53: 60.4737 | K53: 11 | L53: 80.3816 | P53: 12 | Q53: 78.5513 | U53: 7 | V53: 53.2099 | Z53: 18 | AA53: 108.8732 | AE53: 16 | AF53: 84.28 | AJ53: 9 | AK53: 82.9518 | AO53: 14 | AP53: 93.5921 | AT53: 1 | AU53: 57.2892 | AY53: 12 | AZ53: 75.8316 | BD53: 17 | BE53: 99.0513 | BI53: 3 | BJ53: 72.6786 | BN53: 3 | BO53: 77.4659
A54: 51 | B54: 95 | C54: 103 | D54: 34.5556 | F54: 7 | G54: 61.4605 | K54: 12 | L54: 82.7763 | P54: 13 | Q54: 79.6667 | U54: 8 | V54: 55.4074 | Z54: 19 | AA54: 109.2535 | AE54: 17 | AF54: 87.9467 | AJ54: 10 | AK54: 87.1325 | AO54: 15 | AP54: 92.4079 | AT54: 2 | AU54: 60.1325 | AY54: 13 | AZ54: 78.2105 | BD54: 18 | BE54: 102.5 | BI54: 4 | BJ54: 74.1786 | BN54: 4 | BO54: 80.6932
F55: 8 | G55: 62.8684 | K55: 13 | L55: 84.8816 | P55: 14 | Q55: 82.0897 | U55: 9 | V55: 57.1481 | Z55: 20 | AA55: 110.3944 | AE55: 18 | AF55: 91.1067 | AJ55: 11 | AK55: 89.2892 | AO55: 16 | AP55: 90.4211 | AT55: 3 | AU55: 64.3012 | AY55: 14 | AZ55: 80.7263 | BD55: 19 | BE55: 105.3462 | BI55: 5 | BJ55: 76.6071 | BN55: 5 | BO55: 83.6818
F56: 9 | G56: 65 | K56: 14 | L56: 87.9211 | P56: 15 | Q56: 84.141 | U56: 10 | V56: 58.8395 | Z56: 21 | AA56: 111.8451 | AE56: 19 | AF56: 93.2 | AJ56: 12 | AK56: 90.3976 | AO56: 17 | AP56: 89.0526 | AT56: 4 | AU56: 67.9277 | AY56: 15 | AZ56: 83.7263 | BD56: 20 | BE56: 106.5 | BI56: 6 | BJ56: 77.8214 | BN56: 6 | BO56: 86.5341
A57: entire 1630 | F57: 10 | G57: 69.0263 | K57: 15 | L57: 90.6447 | P57: 16 | Q57: 85.5256 | U57: 11 | V57: 60.963 | Z57: 22 | AA57: 113.2676 | AE57: 20 | AF57: 95.4933 | AJ57: 13 | AK57: 90 | AO57: 18 | AP57: 88.9211 | AT57: 5 | AU57: 70.3735 | AY57: 16 | AZ57: 86.4421 | BD57: 21 | BE57: 107.6026 | BI57: 7 | BJ57: 79.0714 | BN57: 7 | BO57: 89.6477
A58: 0 | B58: 53 | F58: 11 | G58: 73.5263 | K58: 16 | L58: 91.4079 | P58: 17 | Q58: 88.2308 | U58: 12 | V58: 63.0247 | Z58: 23 | AA58: 114.662 | AE58: 21 | AF58: 97.9867 | AJ58: 14 | AK58: 88.8916 | AO58: 19 | AP58: 91.9342 | AT58: 6 | AU58: 73 | AY58: 17 | AZ58: 88.5579 | BD58: 22 | BE58: 108.6795 | BI58: 8 | BJ58: 82.7976 | BN58: 8 | BO58: 92.5795
A59: 1 | B59: 53.5347 | F59: 12 | G59: 76.9474 | K59: 17 | L59: 90.8947 | P59: 18 | Q59: 91.5256 | U59: 13 | V59: 63.963 | Z59: 24 | AA59: 115.8028 | AE59: 22 | AF59: 99.4267 | AJ59: 15 | AK59: 88.5904 | AO59: 20 | AP59: 97.5789 | AT59: 7 | AU59: 76.241 | AY59: 18 | AZ59: 90.7263 | BD59: 23 | BE59: 109.6282 | BI59: 9 | BJ59: 84.4881 | BN59: 9 | BO59: 95.4432
A60: 2 | B60: 55.1485 | F60: 13 | G60: 79.1711 | K60: 18 | L60: 91.1184 | P60: 19 | Q60: 94.3462 | U60: 14 | V60: 63.7037 | Z60: 25 | AA60: 115.7324 | AE60: 23 | AF60: 100.2933 | AJ60: 16 | AK60: 89.0843 | AO60: 21 | AP60: 102.9474 | AT60: 8 | AU60: 78.8072 | AY60: 19 | AZ60: 92.7158 | BD60: 24 | BE60: 110.2564 | BI60: 10 | BJ60: 85.3095 | BN60: 10 | BO60: 98.4091
A61: 3 | B61: 58.6733 | F61: 14 | G61: 80.9605 | K61: 19 | L61: 93.7368 | P61: 20 | Q61: 96.2564 | U61: 15 | V61: 63.9506 | Z61: 26 | AA61: 114.9718 | AE61: 24 | AF61: 100.4933 | AJ61: 17 | AK61: 90.0723 | AO61: 22 | AP61: 104.2368 | AT61: 9 | AU61: 80.4217 | AY61: 20 | AZ61: 94.8 | BD61: 25 | BE61: 110.5385 | BI61: 11 | BJ61: 85.5 | BN61: 11 | BO61: 100.9545
A62: 4 | B62: 61.0396 | F62: 15 | G62: 83.75 | K62: 20 | L62: 97.5263 | P62: 21 | Q62: 96.6795 | U62: 16 | V62: 65.3704 | Z62: 27 | AA62: 114.6901 | AE62: 25 | AF62: 100.2133 | AJ62: 18 | AK62: 91.6627 | AO62: 23 | AP62: 101.8947 | AT62: 10 | AU62: 81.6747 | AY62: 21 | AZ62: 97.4 | BD62: 26 | BE62: 110.1538 | BI62: 12 | BJ62: 90.4881 | BN62: 12 | BO62: 102.7045
A63: 5 | B63: 63.297 | F63: 16 | G63: 88.6974 | K63: 21 | L63: 101.1447 | P63: 22 | Q63: 96.3205 | U63: 17 | V63: 67.8025 | Z63: 28 | AA63: 114.9296 | AE63: 26 | AF63: 99.7333 | AJ63: 19 | AK63: 93.9277 | AO63: 24 | AP63: 98.8684 | AT63: 11 | AU63: 82.8072 | AY63: 22 | AZ63: 100.1474 | BD63: 27 | BE63: 109.4231 | BI63: 13 | BJ63: 95.381 | BN63: 13 | BO63: 105.0909
A64: 6 | B64: 65.4257 | F64: 17 | G64: 94.75 | K64: 22 | L64: 103.5 | P64: 23 | Q64: 96 | U64: 18 | V64: 72.8519 | Z64: 29 | AA64: 115.1408 | AE64: 27 | AF64: 99.24 | AJ64: 20 | AK64: 96.3735 | AO64: 25 | AP64: 98 | AT64: 12 | AU64: 84.2048 | AY64: 23 | AZ64: 102.6316 | BD64: 28 | BE64: 108.9103 | BI64: 14 | BJ64: 98.0952 | BN64: 14 | BO64: 106.1818
A65: 7 | B65: 68.1386 | F65: 18 | G65: 98.8026 | K65: 23 | L65: 104.4868 | P65: 24 | Q65: 96.5256 | U65: 19 | V65: 79.1481 | Z65: 30 | AA65: 115.4084 | AE65: 28 | AF65: 99.4667 | AJ65: 21 | AK65: 97.5783 | AO65: 26 | AP65: 99.1184 | AT65: 13 | AU65: 85.8434 | AY65: 24 | AZ65: 104.7263 | BD65: 29 | BE65: 107.4615 | BI65: 15 | BJ65: 100.75 | BN65: 15 | BO65: 106.3068
A66: 8 | B66: 70.6238 | F66: 19 | G66: 101.4342 | K66: 24 | L66: 104.9211 | P66: 25 | Q66: 97.0256 | U66: 20 | V66: 83.9136 | Z66: 31 | AA66: 115.7747 | AE66: 29 | AF66: 99.8 | AJ66: 22 | AK66: 98.747 | AO66: 27 | AP66: 99.8289 | AT66: 14 | AU66: 87 | AY66: 25 | AZ66: 106.3368 | BD66: 30 | BE66: 105.8205 | BI66: 16 | BJ66: 101.7143 | BN66: 16 | BO66: 106.2159
A67: 9 | B67: 72.3762 | F67: 20 | G67: 104.2105 | K67: 25 | L67: 105.1447 | P67: 26 | Q67: 96.9487 | U67: 21 | V67: 86.6914 | Z67: 32 | AA67: 115.2535 | AE67: 30 | AF67: 99.5067 | AJ67: 23 | AK67: 101.241 | AO67: 28 | AP67: 101.1053 | AT67: 15 | AU67: 88.3735 | AY67: 26 | AZ67: 107.3053 | BD67: 31 | BE67: 104.6795 | BI67: 17 | BJ67: 100.7738 | BN67: 17 | BO67: 106.1705
A68: 10 | B68: 73.6238 | F68: 21 | G68: 105.9079 | K68: 26 | L68: 104.9737 | P68: 27 | Q68: 96.8205 | U68: 22 | V68: 87.8272 | Z68: 33 | AA68: 114.3944 | AE68: 31 | AF68: 99.1067 | AJ68: 24 | AK68: 103.4578 | AO68: 29 | AP68: 103.4605 | AT68: 16 | AU68: 90.0843 | AY68: 27 | AZ68: 107.7368 | BD68: 32 | BE68: 104.1795 | BI68: 18 | BJ68: 100.8333 | BN68: 18 | BO68: 107.7955
A69: 11 | B69: 74.2772 | F69: 22 | G69: 106.0132 | K69: 27 | L69: 104.4605 | P69: 28 | Q69: 96.6154 | U69: 23 | V69: 89.1852 | Z69: 34 | AA69: 114.3239 | AE69: 32 | AF69: 98.36 | AJ69: 25 | AK69: 103.7349 | AO69: 30 | AP69: 105.4211 | AT69: 17 | AU69: 91.6145 | AY69: 28 | AZ69: 108.0316 | BD69: 33 | BE69: 103.7308 | BI69: 19 | BJ69: 101.4167 | BN69: 19 | BO69: 107.4318
... A86: 28 | B86: 99.0792 | F86: 39 | G86: 105.9605 | K86: 44 | L86: 94.9868 | P86: 45 | Q86: 90.4615 | U86: 40 | V86: 97.4074 | Z86: 51 | AA86: 80.3099 | AE86: 49 | AF86: 44.8133 | AJ86: 42 | AK86: 95.241 | AO86: 47 | AP86: 77.3553 | AT86: 34 | AU86: 103.4578 | AY86: 45 | AZ86: 109.1579 | BD86: 50 | BE86: 46.2949 | BI86: 36 | BJ86: 95.631 | BN86: 36 | BO86: 107.7955
A87: 29 | B87: 100.1683 | F87: 40 | G87: 104.8158 | K87: 45 | L87: 94.5921 | P87: 46 | Q87: 88.2051 | U87: 41 | V87: 96.1358 | Z87: 52 | AA87: 74.9296 | AE87: 50 | AF87: 43.48 | AJ87: 43 | AK87: 94.253 | AO87: 48 | AP87: 77.4079 | AT87: 35 | AU87: 103.6506 | AY87: 46 | AZ87: 108.0947 | BI87: 37 | BJ87: 94.1667 | BN87: 37 | BO87: 105.5455
A88: 30 | B88: 101.3069 | F88: 41 | G88: 103.6974 | K88: 46 | L88: 95.2105 | P88: 47 | Q88: 86.0769 | U88: 42 | V88: 96.3086 | Z88: 53 | AA88: 69.493 | AJ88: 44 | AK88: 93.0602 | AO88: 49 | AP88: 77.8816 | AT88: 36 | AU88: 104.0482 | AY88: 47 | AZ88: 106.0421 | BI88: 38 | BJ88: 93.1429 | BN88: 38 | BO88: 104.5682
A89: 31 | B89: 102.3663 | F89: 42 | G89: 102.1974 | K89: 47 | L89: 94.6579 | P89: 48 | Q89: 83.5385 | U89: 43 | V89: 96.8519 | Z89: 54 | AA89: 63.7606 | AJ89: 45 | AK89: 91.5904 | AO89: 50 | AP89: 78.2895 | AT89: 37 | AU89: 104.4096 | AY89: 48 | AZ89: 104.6105 | BI89: 39 | BJ89: 93.1429 | BN89: 39 | BO89: 103.8409
A90: 32 | B90: 103.0891 | F90: 43 | G90: 101.1447 | K90: 48 | L90: 92.9474 | P90: 49 | Q90: 79.5128 | U90: 44 | V90: 96.8395 | Z90: 55 | AA90: 58.5634 | AJ90: 46 | AK90: 89.0482 | AO90: 51 | AP90: 78.7237 | AT90: 38 | AU90: 104.2771 | AY90: 49 | AZ90: 103.5053 | BI90: 40 | BJ90: 93.3929 | BN90: 40 | BO90: 104.2273
A91: 33 | B91: 103.2376 | F91: 44 | G91: 100.25 | K91: 49 | L91: 89.9474 | P91: 50 | Q91: 74.1282 | U91: 45 | V91: 96.679 | Z91: 56 | AA91: 55.9296 | AJ91: 47 | AK91: 87.0602 | AO91: 52 | AP91: 78.0921 | AT91: 39 | AU91: 104.2289 | AY91: 50 | AZ91: 102.5474 | BI91: 41 | BJ91: 93.1548 | BN91: 41 | BO91: 106.0114
A92: 34 | B92: 103.1287 | F92: 45 | G92: 98.9079 | K92: 50 | L92: 86 | P92: 51 | Q92: 68.5641 | U92: 46 | V92: 95.7037 | Z92: 57 | AA92: 55.1549 | AJ92: 48 | AK92: 84.9518 | AO92: 53 | AP92: 75.5132 | AT92: 40 | AU92: 104.0723 | AY92: 51 | AZ92: 101.9579 | BI92: 42 | BJ92: 92.3095 | BN92: 42 | BO92: 106.3409
A93: 35 | B93: 102.802 | F93: 46 | G93: 97.4211 | K93: 51 | L93: 82.6579 | P93: 52 | Q93: 62.3077 | U93: 47 | V93: 93.5926 | Z93: 58 | AA93: 54.3239 | AJ93: 49 | AK93: 80.1928 | AO93: 54 | AP93: 73.1974 | AT93: 41 | AU93: 103.7349 | AY93: 52 | AZ93: 101.6842 | BI93: 43 | BJ93: 90.1905 | BN93: 43 | BO93: 105.4659
A94: 36 | B94: 102.2673 | F94: 47 | G94: 96.4079 | K94: 52 | L94: 80.2105 | P94: 53 | Q94: 55.859 | U94: 48 | V94: 91.2469 | AJ94: 50 | AK94: 74.8313 | AO94: 55 | AP94: 71.1842 | AT94: 42 | AU94: 103.4699 | AY94: 53 | AZ94: 100.8842 | BI94: 44 | BJ94: 86.4405 | BN94: 44 | BO94: 104.1818
A95: 37 | B95: 101.7921 | F95: 48 | G95: 95.3684 | K95: 53 | L95: 78.4342 | P95: 54 | Q95: 51.2179 | U95: 49 | V95: 88.6296 | AJ95: 51 | AK95: 71.3253 | AO95: 56 | AP95: 67.3421 | AT95: 43 | AU95: 103.2048 | AY95: 54 | AZ95: 98.9895 | BI95: 45 | BJ95: 82.1548 | BN95: 45 | BO95: 102.2386
A96: 38 | B96: 101.7723 | F96: 49 | G96: 95.0263 | K96: 54 | L96: 77.0526 | P96: 55 | Q96: 47.4231 | U96: 50 | V96: 86.5185 | AJ96: 52 | AK96: 67.253 | AO96: 57 | AP96: 63.1711 | AT96: 44 | AU96: 102.5663 | AY96: 55 | AZ96: 96.0632 | BI96: 46 | BJ96: 79.3929 | BN96: 46 | BO96: 100.5455
A97: 39 | B97: 101.7723 | F97: 50 | G97: 96.9474 | K97: 55 | L97: 75.2368 | P97: 56 | Q97: 44.2179 | U97: 51 | V97: 85.321 | AJ97: 53 | AK97: 64.1325 | AO97: 58 | AP97: 60.1053 | AT97: 45 | AU97: 101.5904 | AY97: 56 | AZ97: 92.4842 | BI97: 47 | BJ97: 74.0357 | BN97: 47 | BO97: 99.0909
A98: 40 | B98: 101.2871 | F98: 51 | G98: 98.7368 | K98: 56 | L98: 72.2237 | P98: 57 | Q98: 42.2949 | U98: 52 | V98: 85.3457 | AJ98: 54 | AK98: 62.1084 | AT98: 46 | AU98: 100 | AY98: 57 | AZ98: 89.2526 | BI98: 48 | BJ98: 67.8333 | BN98: 48 | BO98: 97.9773
A99: 41 | B99: 100.396 | F99: 52 | G99: 96.5789 | K99: 57 | L99: 67.2895 | P99: 58 | Q99: 40.859 | U99: 53 | V99: 85.2099 | AJ99: 55 | AK99: 60.2892 | AT99: 47 | AU99: 98.6506 | AY99: 58 | AZ99: 86.2105 | BI99: 49 | BJ99: 64.7381 | BN99: 49 | BO99: 96.3523
A100: 42 | B100: 99.505 | F100: 53 | G100: 89.6842 | K100: 58 | L100: 60.6316 | U100: 54 | V100: 83.8272 | AJ100: 56 | AK100: 58.4217 | AT100: 48 | AU100: 97.4819 | AY100: 59 | AZ100: 82.7895 | BI100: 50 | BJ100: 63.0714 | BN100: 50 | BO100: 93.8409
A101: 43 | B101: 98.6931 | F101: 54 | G101: 80.0526 | K101: 59 | L101: 54.8421 | U101: 55 | V101: 82.3704 | AJ101: 57 | AK101: 55.8434 | AT101: 49 | AU101: 96.3373 | AY101: 60 | AZ101: 79.5263 | BI101: 51 | BJ101: 62.9643 | BN101: 51 | BO101: 89.9545
A102: 44 | B102: 97.0297 | F102: 55 | G102: 71.2368 | K102: 60 | L102: 51.1842 | U102: 56 | V102: 79.8519 | AJ102: 58 | AK102: 53.2169 | AT102: 50 | AU102: 95.0964 | AY102: 61 | AZ102: 76.2632 | BN102: 52 | BO102: 87.2955
A103: 45 | B103: 95.5446 | F103: 56 | G103: 64.3289 | K103: 61 | L103: 49.4868 | U103: 57 | V103: 76.963 | AJ103: 59 | AK103: 51.3373 | AT103: 51 | AU103: 93.6627 | AY103: 62 | AZ103: 74.2632 | BN103: 53 | BO103: 84.1023
A104: 46 | B104: 94.3663 | F104: 57 | G104: 58.1447 | U104: 58 | V104: 74.1728 | AT104: 52 | AU104: 92.3855 | AY104: 63 | AZ104: 72.8947 | BN104: 54 | BO104: 81.9318
A105: 47 | B105: 93.0792 | F105: 58 | G105: 53.8158 | U105: 59 | V105: 71.2593 | AT105: 53 | AU105: 90.6024 | AY105: 64 | AZ105: 70.8421 | BN105: 55 | BO105: 80.0795
A106: 48 | B106: 92.1683 | U106: 60 | V106: 68.2716 | AT106: 54 | AU106: 87.747 | AY106: 65 | AZ106: 67.8947 | BN106: 56 | BO106: 78.2273
A107: 49 | B107: 91.2277 | U107: 61 | V107: 65.2963 | AT107: 55 | AU107: 83.7711 | AY107: 66 | AZ107: 62.9789 | BN107: 57 | BO107: 75.1023
A108: 50 | B108: 89.8812 | U108: 62 | V108: 62.2963 | AT108: 56 | AU108: 79.7349 | AY108: 67 | AZ108: 57.2421 | BN108: 58 | BO108: 71.7045
A109: 51 | B109: 88.8317 | U109: 63 | V109: 60.5309 | AT109: 57 | AU109: 76.7229 | AY109: 68 | AZ109: 53.3053 | BN109: 59 | BO109: 68.3295
A110: 52 | B110: 87.495 | U110: 64 | V110: 59.1605 | AT110: 58 | AU110: 74.1807 | AY110: 69 | AZ110: 51.7789
A111: 53 | B111: 85.8812 | U111: 65 | V111: 57.4815 | AT111: 59 | AU111: 72
A112: 54 | B112: 84.4356 | U112: 66 | V112: 55.0741 | AT112: 60 | AU112: 69.253
A113: 55 | B113: 83.198 | U113: 67 | V113: 51.3704 | AT113: 61 | AU113: 66.2651
A114: 56 | B114: 82.396 | U114: 68 | V114: 47.1605 | AT114: 62 | AU114: 63.4337
A115: 57 | B115: 80.0495 | U115: 69 | V115: 44.5062 | AT115: 63 | AU115: 61.2169
A116: 58 | B116: 76.6238 | AT116: 64 | AU116: 59.7711
A117: 59 | B117: 72.7723 | AT117: 65 | AU117: 58.2892
A118: 60 | B118: 68.1584 | AT118: 66 | AU118: 56.4699
A119: 61 | B119: 63.396 | AT119: 67 | AU119: 54.6747
A120: 62 | B120: 60.505 | AT120: 68 | AU120: 53.3012
A121: 63 | B121: 57.8416
A122: 64 | B122: 56.1683
A123: 65 | B123: 54.604
A124: 66 | B124: 53.5545
A125: 67 | B125: 52.5743
A126: 68 | B126: 51.4257
A127: 69 | B127: 50.2871
